No.;Nama Pemilik;Nama Usaha;NIK;Tgl. Lahir;Jalan;Desa;Sektor;NIB/SKU;Jml. Tenaga Kerja;Kapasitas Produksi/Thn; Omset/Thn ; Aset ;Sosmed;Marketplace;Kepemilikan Lahan
1;Owner-0001;MSME-0001;NIK-0001;BirthDate-0001;Street-0001;Village-0001;Makanan dan Minuman;Ada;8;5000; Rp22.250.000 ; Rp13.000.000 ;WhatsApp Business, Instagram;Shopee;Sendiri
2;Owner-0002;MSME-0002;NIK-0002;BirthDate-0002;Street-0002;Village-0001;Makanan dan Minuman;Ada;5;170; Rp81.250.000 ; Rp132.750.000 ;Facebook;Shopee;Sendiri
3;Owner-0003;MSME-0003;NIK-0003;BirthDate-0003;Street-0002;Village-0001;Makanan dan Minuman;Ada;4;3000; Rp6.250.000 ; Rp27.250.000 ;Facebook, TikTok;Shopee;Sendiri
4;Owner-0004;MSME-0004;NIK-0004;BirthDate-0004;Street-0002;Village-0001;Perdagangan;Ada;2;1500; Rp27.750.000 ; Rp29.250.000 ;WhatsApp Business;Lazada;Sendiri
5;Owner-0005;MSME-0003;NIK-0005;BirthDate-0005;Street-0002;Village-0001;Makanan dan Minuman;Ada;3;550; Rp54.750.000 ; Rp92.000.000 ;Tidak ada;Shopee;Sendiri
6;Owner-0006;MSME-0005;NIK-0006;BirthDate-0006;Street-0001;Village-0001;Makanan dan Minuman;Ada;3;5000; Rp187.500.000 ; Rp167.000.000 ;TikTok;Shopee;Sendiri
7;Owner-0007;MSME-0005;NIK-0007;BirthDate-0007;Street-0001;Village-0001;Makanan dan Minuman;Ada;3;8000; Rp9.750.000 ; Rp12.750.000 ;WhatsApp Business;Shopee;Sendiri
8;Owner-0008;MSME-0006;NIK-0008;BirthDate-0008;Street-0001;Village-0001;Jasa;Ada;4;600; Rp55.000.000 ; Rp161.250.000 ;Facebook;Tidak ada;Sendiri
9;Owner-0009;MSME-0006;NIK-0009;BirthDate-0009;Street-0001;Village-0001;Jasa;Ada;9;1000; Rp21.250.000 ; Rp29.750.000 ;Facebook, WhatsApp Business;Tidak ada;Sendiri
10;Owner-0010;MSME-0007;NIK-0010;BirthDate-0010;Street-0003;Village-0002;Makanan dan Minuman;Ada;2;435; Rp5.500.000 ; Rp19.500.000 ;Facebook, TikTok;Shopee;Sendiri
11;Owner-0011;MSME-0008;NIK-0011;BirthDate-0011;Street-0001;Village-0001;Pertambangan;Ada;5;300; Rp63.000.000 ; Rp167.500.000 ;Facebook;Shopee;Sendiri
12;Owner-0012;MSME-0004;NIK-0012;BirthDate-0012;Street-0001;Village-0001;Perdagangan;Ada;4;5000; Rp410.250.000 ; Rp461.500.000 ;TikTok;Tokopedia;Sendiri
13;Owner-0013;MSME-0004;NIK-0013;BirthDate-0013;Street-0001;Village-0001;Perdagangan;Ada;3;2000; Rp26.250.000 ; Rp20.000.000 ;Facebook;Shopee;Sendiri
14;Owner-0014;MSME-0009;NIK-0014;BirthDate-0014;Street-0001;Village-0001;Jasa;Ada;2;5000; Rp149.500.000 ; Rp97.500.000 ;WhatsApp Business, Instagram, TikTok;Shopee, TikTok Shop;Sendiri
15;Owner-0015;MSME-0001;NIK-0015;BirthDate-0015;Street-0004;Village-0001;Makanan dan Minuman;Ada;6;10000; Rp955.500.000 ; Rp490.750.000 ;WhatsApp Business, Instagram;Shopee;Sendiri
16;Owner-0016;MSME-0001;NIK-0016;BirthDate-0016;Street-0004;Village-0001;Makanan dan Minuman;Ada;6;320; Rp22.500.000 ; Rp28.500.000 ;WhatsApp Business, TikTok;Shopee;Sendiri
17;Owner-0017;MSME-0001;NIK-0017;BirthDate-0017;Street-0004;Village-0001;Makanan dan Minuman;Ada;6;50000; Rp106.750.000 ; Rp121.750.000 ;WhatsApp Business;Shopee;Sendiri
18;Owner-0018;MSME-0004;NIK-0018;BirthDate-0018;Street-0001;Village-0001;Perdagangan;Ada;3;1000; Rp537.250.000 ; Rp375.750.000 ;Facebook;Lazada;Sendiri
19;Owner-0019;MSME-0010;NIK-0019;BirthDate-0019;Street-0005;Village-0001;Makanan dan Minuman;Ada;2;360; Rp20.000.000 ; Rp13.000.000 ;Facebook, TikTok;Shopee;Sendiri
20;Owner-0020;MSME-0011;NIK-0020;BirthDate-0020;Street-0001;Village-0001;Jasa;Ada;4;5000; Rp105.750.000 ; Rp34.250.000 ;Facebook;Tidak ada;Sendiri
21;Owner-0021;MSME-0012;NIK-0021;BirthDate-0021;Street-0004;Village-0001;Makanan dan Minuman;Ada;4;750; Rp87.500.000 ; Rp97.750.000 ;Instagram, TikTok;Shopee;Sendiri
22;Owner-0022;MSME-0001;NIK-0022;BirthDate-0022;Street-0004;Village-0001;Makanan dan Minuman;Ada;5;260; Rp1.005.750.000 ; Rp930.500.000 ;TikTok;Shopee;Sendiri
23;Owner-0023;MSME-0013;NIK-0023;BirthDate-0023;Street-0004;Village-0001;Perdagangan;Ada;5;90; Rp156.500.000 ; Rp171.250.000 ;Instagram, Facebook, TikTok;Lazada;Sendiri
24;Owner-0024;MSME-0004;NIK-0024;BirthDate-0024;Street-0001;Village-0001;Perdagangan;Ada;2;2500; Rp1.066.000.000 ; Rp1.080.250.000 ;TikTok;Tokopedia;Sendiri
25;Owner-0025;MSME-0014;NIK-0025;BirthDate-0025;Street-0004;Village-0001;Jasa;Ada;3;140; Rp30.000.000 ; Rp5.750.000 ;Facebook;Tidak ada;Sendiri
26;Owner-0026;MSME-0004;NIK-0026;BirthDate-0026;Street-0006;Village-0003;Perdagangan;Ada;2;4500; Rp197.000.000 ; Rp200.000.000 ;Facebook;Lazada;Sendiri
27;Owner-0027;MSME-0015;NIK-0027;BirthDate-0027;Street-0001;Village-0001;Makanan dan Minuman;Ada;5;1100; Rp414.250.000 ; Rp994.750.000 ;Facebook;Tokopedia;Sendiri
28;Owner-0028;MSME-0005;NIK-0028;BirthDate-0028;Street-0004;Village-0001;Makanan dan Minuman;Ada;3;15000; Rp16.000.000 ; Rp19.500.000 ;Facebook, TikTok;Shopee;Sendiri
29;Owner-0029;MSME-0016;NIK-0029;BirthDate-0029;Street-0004;Village-0001;Jasa;Ada;5;480; Rp88.000.000 ; Rp154.000.000 ;Facebook;Tidak ada;Sendiri
30;Owner-0030;MSME-0004;NIK-0030;BirthDate-0030;Street-0001;Village-0001;Perdagangan;Ada;3;500; Rp665.500.000 ; Rp520.500.000 ;Facebook;Shopee;Sendiri
31;Owner-0031;MSME-0001;NIK-0031;BirthDate-0031;Street-0004;Village-0001;Makanan dan Minuman;Ada;5;470; Rp6.500.000 ; Rp29.250.000 ;Instagram, Facebook, TikTok;Shopee;Sendiri
32;Owner-0032;MSME-0005;NIK-0032;BirthDate-0032;Street-0004;Village-0001;Makanan dan Minuman;Ada;6;500; Rp114.250.000 ; Rp64.000.000 ;Facebook, TikTok;Shopee;Sewa
33;Owner-0033;MSME-0017;NIK-0033;BirthDate-0033;Street-0004;Village-0001;Makanan dan Minuman;Ada;3;210; Rp959.250.000 ; Rp737.250.000 ;Instagram;Shopee;Sewa
34;Owner-0034;MSME-0014;NIK-0034;BirthDate-0034;Street-0007;Village-0001;Jasa;Ada;1;2000; Rp30.500.000 ; Rp29.500.000 ;Facebook;Tidak ada;Sendiri
35;Owner-0035;MSME-0001;NIK-0035;BirthDate-0035;Street-0001;Village-0001;Makanan dan Minuman;Ada;5;1500; Rp129.500.000 ; Rp135.750.000 ;TikTok, Instagram;Tidak ada;Sendiri
36;Owner-0036;MSME-0018;NIK-0036;BirthDate-0036;Street-0001;Village-0001;Jasa;Ada;1;7000; Rp754.750.000 ; Rp929.000.000 ;Facebook, TikTok;Tokopedia;Sewa
37;Owner-0037;MSME-0019;NIK-0037;BirthDate-0037;Street-0001;Village-0001;Makanan dan Minuman;Ada;2;800; Rp5.500.000 ; Rp27.250.000 ;Instagram, Facebook, TikTok;Shopee;Sendiri
38;Owner-0038;MSME-0020;NIK-0038;BirthDate-0038;Street-0008;Village-0004;Perdagangan;Ada;4;85; Rp121.500.000 ; Rp174.000.000 ;Facebook;Tokopedia;Sewa
39;Owner-0039;MSME-0006;NIK-0039;BirthDate-0039;Street-0001;Village-0001;Jasa;Ada;8;2150; Rp1.059.000.000 ; Rp626.250.000 ;WhatsApp Business, Facebook;Shopee;Sendiri
40;Owner-0040;MSME-0021;NIK-0040;BirthDate-0040;Street-0001;Village-0001;Jasa;Ada;2;800; Rp12.500.000 ; Rp22.750.000 ;WhatsApp Business;Tidak ada;Sendiri
41;Owner-0041;MSME-0022;NIK-0041;BirthDate-0041;Street-0003;Village-0002;Jasa;Ada;2;7000; Rp100.500.000 ; Rp179.250.000 ;Facebook;Lazada;Sendiri
42;Owner-0042;MSME-0006;NIK-0042;BirthDate-0042;Street-0001;Village-0001;Jasa;Ada;5;1000; Rp306.500.000 ; Rp506.000.000 ;Facebook;Tidak ada;Sendiri
43;Owner-0043;MSME-0001;NIK-0043;BirthDate-0043;Street-0004;Village-0001;Makanan dan Minuman;Ada;5;415; Rp6.250.000 ; Rp17.000.000 ;Instagram;Shopee;Sendiri
44;Owner-0044;MSME-0023;NIK-0044;BirthDate-0044;Street-0004;Village-0001;Jasa;Ada;1;145; Rp139.750.000 ; Rp121.000.000 ;Instagram;Tidak ada;Sendiri
45;Owner-0045;MSME-0002;NIK-0045;BirthDate-0045;Street-0001;Village-0001;Makanan dan Minuman;Ada;2;310; Rp13.250.000 ; Rp9.750.000 ;Facebook;Shopee;Sendiri
46;Owner-0046;MSME-0024;NIK-0046;BirthDate-0046;Street-0009;Village-0005;Jasa;Ada;2;4000; Rp10.500.000 ; Rp10.500.000 ;Instagram;Shopee;Sendiri
47;Owner-0047;MSME-0025;NIK-0047;BirthDate-0047;Street-0001;Village-0001;Jasa;Ada;5;5000; Rp597.000.000 ; Rp1.065.750.000 ;Facebook;Tidak ada;Sendiri
48;Owner-0048;MSME-0026;NIK-0048;BirthDate-0048;Street-0001;Village-0001;Makanan dan Minuman;Ada;2;2000; Rp27.000.000 ; Rp5.750.000 ;TikTok;Shopee;Sewa
49;Owner-0049;MSME-0027;NIK-0049;BirthDate-0049;Street-0010;Village-0005;Perdagangan;Ada;2;470; Rp22.750.000 ; Rp25.500.000 ;Facebook;Shopee;Sendiri
50;Owner-0050;MSME-0028;NIK-0050;BirthDate-0050;Street-0001;Village-0001;Makanan dan Minuman;Ada;3;1400; Rp54.250.000 ; Rp82.750.000 ;Instagram, TikTok;Shopee;Sendiri
51;Owner-0051;MSME-0029;NIK-0051;BirthDate-0051;Street-0001;Village-0001;Makanan dan Minuman;Ada;2;5000; Rp24.750.000 ; Rp8.500.000 ;Facebook;Tidak ada;Sendiri
52;Owner-0019;MSME-0012;NIK-0052;BirthDate-0019;Street-0001;Village-0001;Makanan dan Minuman;Ada;3;380; Rp7.250.000 ; Rp15.500.000 ;Facebook;Shopee;Sendiri
53;Owner-0052;MSME-0030;NIK-0053;BirthDate-0052;Street-0001;Village-0001;Jasa;Ada;2;100; Rp61.500.000 ; Rp136.000.000 ;WhatsApp Business, Instagram, TikTok;Tidak ada;Sendiri
54;Owner-0053;MSME-0031;NIK-0054;BirthDate-0053;Street-0001;Village-0001;Pertambangan;Ada;8;2000; Rp338.000.000 ; Rp702.250.000 ;WhatsApp Business;Tokopedia;Sendiri
55;Owner-0054;MSME-0004;NIK-0055;BirthDate-0054;Street-0001;Village-0001;Perdagangan;Ada;2;15000; Rp26.250.000 ; Rp7.500.000 ;Facebook;Tokopedia;Sendiri
56;Owner-0055;MSME-0004;NIK-0056;BirthDate-0055;Street-0011;Village-0005;Perdagangan;Ada;2;150; Rp132.500.000 ; Rp198.000.000 ;Instagram, TikTok;Shopee;Sendiri
57;Owner-0056;MSME-0004;NIK-0057;BirthDate-0056;Street-0012;Village-0005;Perdagangan;Ada;6;15000; Rp664.250.000 ; Rp811.000.000 ;Facebook;Shopee;Sendiri
58;Owner-0057;MSME-0032;NIK-0058;BirthDate-0057;Street-0013;Village-0005;Makanan dan Minuman;Ada;6;2500; Rp25.000.000 ; Rp24.000.000 ;Instagram, TikTok;Shopee;Sendiri
59;Owner-0058;MSME-0017;NIK-0059;BirthDate-0058;Street-0014;Village-0005;Makanan dan Minuman;Ada;4;4000; Rp90.250.000 ; Rp155.000.000 ;TikTok;Shopee;Sewa
60;Owner-0059;MSME-0004;NIK-0060;BirthDate-0059;Street-0015;Village-0005;Perdagangan;Ada;3;1500; Rp454.750.000 ; Rp649.750.000 ;Instagram;Shopee;Sendiri
61;Owner-0060;MSME-0004;NIK-0061;BirthDate-0060;Street-0010;Village-0005;Perdagangan;Ada;5;4000; Rp29.750.000 ; Rp23.250.000 ;WhatsApp Business;Shopee;Sendiri
62;Owner-0061;MSME-0024;NIK-0062;BirthDate-0061;Street-0009;Village-0005;Jasa;Ada;1;1500; Rp101.750.000 ; Rp90.000.000 ;Instagram, Facebook;Shopee;Sendiri
63;Owner-0062;MSME-0004;NIK-0063;BirthDate-0062;Street-0010;Village-0005;Perdagangan;Ada;2;5000; Rp1.024.000.000 ; Rp432.000.000 ;Facebook;Tokopedia;Sendiri
64;Owner-0063;MSME-0033;NIK-0064;BirthDate-0063;Street-0011;Village-0003;Perdagangan;Ada;4;7500; Rp65.000.000 ; Rp16.750.000 ;TikTok;Tokopedia;Sendiri
65;Owner-0064;MSME-0004;NIK-0065;BirthDate-0064;Street-0011;Village-0005;Perdagangan;Ada;3;230; Rp54.250.000 ; Rp162.250.000 ;Facebook;Lazada;Sendiri
66;Owner-0065;MSME-0024;NIK-0066;BirthDate-0065;Street-0009;Village-0005;Jasa;Ada;1;1000; Rp963.500.000 ; Rp578.000.000 ;Facebook;Tidak ada;Sendiri
67;Owner-0066;MSME-0004;NIK-0067;BirthDate-0066;Street-0013;Village-0005;Perdagangan;Ada;2;4000; Rp86.000.000 ; Rp30.500.000 ;Facebook;Lazada;Sendiri
68;Owner-0067;MSME-0004;NIK-0068;BirthDate-0067;Street-0013;Village-0005;Perdagangan;Ada;3;180; Rp182.750.000 ; Rp124.250.000 ;Facebook;Shopee;Sendiri
69;Owner-0068;MSME-0004;NIK-0069;BirthDate-0068;Street-0016;Village-0006;Perdagangan;Ada;4;50000; Rp1.173.250.000 ; Rp847.250.000 ;WhatsApp Business, Instagram;Shopee;Sendiri
70;Owner-0069;MSME-0017;NIK-0070;BirthDate-0069;Street-0017;Village-0005;Perdagangan;Ada;3;30000; Rp160.750.000 ; Rp82.050.000 ;TikTok;Shopee;Sendiri
71;Owner-0070;MSME-0004;NIK-0071;BirthDate-0070;Street-0018;Village-0007;Perdagangan;Ada;3;330; Rp183.250.000 ; Rp75.750.000 ;Facebook;Shopee;Sendiri
72;Owner-0071;MSME-0024;NIK-0072;BirthDate-0071;Street-0009;Village-0005;Jasa;Ada;2;200; Rp350.000.000 ; Rp864.000.000 ;Instagram;Shopee;Sendiri
73;Owner-0072;MSME-0034;NIK-0073;BirthDate-0072;Street-0019;Village-0002;Perdagangan;Ada;2;2000; Rp25.500.000 ; Rp13.000.000 ;Facebook;Tidak ada;Sendiri
74;Owner-0045;MSME-0035;NIK-0074;BirthDate-0073;Street-0020;Village-0002;Perdagangan;Ada;3;8000; Rp65.000.000 ; Rp191.500.000 ;TikTok;Tokopedia;Sewa
75;Owner-0073;MSME-0004;NIK-0075;BirthDate-0074;Street-0021;Village-0005;Perdagangan;Ada;2;4000; Rp727.250.000 ; Rp403.500.000 ;Instagram;Shopee;Sendiri
76;Owner-0074;MSME-0036;NIK-0076;BirthDate-0075;Street-0021;Village-0005;Perdagangan;Ada;2;230; Rp24.000.000 ; Rp13.750.000 ;TikTok;Tokopedia;Sendiri
77;Owner-0075;MSME-0037;NIK-0077;BirthDate-0076;Street-0022;Village-0005;Makanan dan Minuman;Ada;2;1500; Rp95.250.000 ; Rp62.250.000 ;Instagram, TikTok;Shopee;Sendiri
78;Owner-0076;MSME-0004;NIK-0078;BirthDate-0077;Street-0001;Village-0001;Perdagangan;Ada;2;100; Rp50.250.000 ; Rp32.500.000 ;WhatsApp Business;Tokopedia;Sendiri
79;Owner-0077;MSME-0038;NIK-0079;BirthDate-0078;Street-0014;Village-0005;Jasa;Ada;2;7000; Rp920.250.000 ; Rp632.500.000 ;Instagram;Tidak ada;Sendiri
80;Owner-0078;MSME-0004;NIK-0080;BirthDate-0079;Street-0014;Village-0005;Perdagangan;Ada;3;140; Rp73.250.000 ; Rp152.250.000 ;WhatsApp Business;Lazada;Sendiri
81;Owner-0079;MSME-0004;NIK-0081;BirthDate-0080;Street-0009;Village-0005;Perdagangan;Ada;2;8000; Rp1.113.500.000 ; Rp697.750.000 ;Facebook, TikTok;Tokopedia;Sendiri
82;Owner-0080;MSME-0004;NIK-0082;BirthDate-0081;Street-0009;Village-0005;Perdagangan;Ada;3;5000; Rp15.500.000 ; Rp15.500.000 ;Tidak ada;Tokopedia;Sendiri
83;Owner-0081;MSME-0039;NIK-0083;BirthDate-0082;Street-0001;Village-0001;Jasa;Ada;4;3000; Rp138.000.000 ; Rp70.750.000 ;Instagram;Tidak ada;Sendiri
84;Owner-0082;MSME-0001;NIK-0084;BirthDate-0083;Street-0001;Village-0001;Makanan dan Minuman;Ada;8;285; Rp321.750.000 ; Rp901.500.000 ;Facebook, TikTok;Shopee;Sendiri
85;Owner-0083;MSME-0040;NIK-0085;BirthDate-0084;Street-0001;Village-0001;Perdagangan;Ada;3;7000; Rp14.750.000 ; Rp14.250.000 ;Facebook;Shopee;Sewa
86;Owner-0084;MSME-0004;NIK-0086;BirthDate-0085;Street-0002;Village-0001;Perdagangan;Ada;4;1500; Rp59.000.000 ; Rp55.500.000 ;Facebook;Shopee;Sewa
87;Owner-0085;MSME-0041;NIK-0087;BirthDate-0086;Street-0023;Village-0006;Makanan dan Minuman;Ada;2;515; Rp830.250.000 ; Rp460.000.000 ;Facebook;Shopee;Sendiri
88;Owner-0086;MSME-0042;NIK-0088;BirthDate-0087;Street-0024;Village-0001;Makanan dan Minuman;Ada;2;1250; Rp24.750.000 ; Rp30.250.000 ;TikTok;Tidak ada;Sendiri
89;Owner-0042;MSME-0043;NIK-0089;BirthDate-0088;Street-0004;Village-0006;Perdagangan;Ada;2;8000; Rp135.750.000 ; Rp71.000.000 ;Instagram;Shopee;Sewa
90;Owner-0087;MSME-0004;NIK-0090;BirthDate-0089;Street-0001;Village-0001;Perdagangan;Ada;2;8000; Rp1.006.750.000 ; Rp466.500.000 ;WhatsApp Business;Tokopedia;Sendiri
91;Owner-0088;MSME-0004;NIK-0091;BirthDate-0090;Street-0001;Village-0001;Perdagangan;Ada;2;50000; Rp30.750.000 ; Rp15.000.000 ;Instagram;Shopee;Sendiri
92;Owner-0089;MSME-0004;NIK-0092;BirthDate-0091;Street-0025;Village-0001;Perdagangan;Ada;2;4000; Rp118.750.000 ; Rp134.000.000 ;WhatsApp Business;Shopee;Sewa
93;Owner-0060;MSME-0004;NIK-0093;BirthDate-0092;Street-0026;Village-0001;Perdagangan;Ada;5;1000; Rp1.178.000.000 ; Rp879.750.000 ;Instagram;Tokopedia;Sendiri
94;Owner-0090;MSME-0044;NIK-0094;BirthDate-0093;Street-0027;Village-0001;Jasa;Ada;3;150; Rp27.000.000 ; Rp17.000.000 ;Facebook;Tokopedia;Sendiri
95;Owner-0091;MSME-0045;NIK-0095;BirthDate-0094;Street-0027;Village-0001;Makanan dan Minuman;Ada;7;20000; Rp55.750.000 ; Rp124.750.000 ;TikTok;Shopee;Sewa
96;Owner-0092;MSME-0004;NIK-0096;BirthDate-0095;Street-0027;Village-0001;Perdagangan;Ada;2;380; Rp303.500.000 ; Rp190.250.000 ;Instagram;Tokopedia;Sendiri
97;Owner-0093;MSME-0012;NIK-0097;BirthDate-0096;Street-0001;Village-0001;Makanan dan Minuman;Ada;3;585; Rp8.000.000 ; Rp28.000.000 ;Tidak ada;Tidak ada;Sendiri
98;Owner-0094;MSME-0046;NIK-0098;BirthDate-0097;Street-0001;Village-0001;Jasa;Ada;3;200; Rp189.250.000 ; Rp155.250.000 ;TikTok;Tidak ada;Sendiri
99;Owner-0095;MSME-0047;NIK-0099;BirthDate-0098;Street-0001;Village-0001;Industri;Ada;8;145; Rp971.500.000 ; Rp705.750.000 ;Instagram, Facebook, TikTok;Tokopedia, Shopee;Sendiri
100;Owner-0096;MSME-0048;NIK-0100;BirthDate-0099;Street-0001;Village-0001;Jasa;Ada;4;2500; Rp57.500.000 ; Rp17.750.000 ;TikTok;Shopee;Sendiri
101;Owner-0097;MSME-0049;NIK-0101;BirthDate-0100;Street-0001;Village-0001;Industri;Ada;8;240; Rp151.000.000 ; Rp113.000.000 ;Facebook;Shopee;Sendiri
102;Owner-0098;MSME-0001;NIK-0102;BirthDate-0101;Street-0001;Village-0001;Makanan dan Minuman;Ada;10;2500; Rp24.250.000 ; Rp27.750.000 ;Instagram, TikTok;Shopee;Sendiri
103;Owner-0099;MSME-0050;NIK-0103;BirthDate-0102;Street-0001;Village-0001;Jasa;Ada;6;30; Rp686.000.000 ; Rp861.750.000 ;Instagram, Facebook, TikTok;Tidak ada;Sendiri
104;Owner-0100;MSME-0004;NIK-0104;BirthDate-0103;Street-0004;Village-0001;Perdagangan;Ada;2;10000; Rp76.750.000 ; Rp117.250.000 ;Facebook;Tokopedia;Sewa
105;Owner-0101;MSME-0001;NIK-0105;BirthDate-0104;Street-0004;Village-0001;Makanan dan Minuman;Ada;5;7000; Rp561.750.000 ; Rp422.250.000 ;Instagram, TikTok;Shopee;Sendiri
106;Owner-0102;MSME-0051;NIK-0106;BirthDate-0105;Street-0004;Village-0001;Jasa;Ada;5;120; Rp110.750.000 ; Rp79.500.000 ;Facebook, TikTok;Shopee;Sendiri
107;Owner-0103;MSME-0032;NIK-0107;BirthDate-0106;Street-0023;Village-0006;Makanan dan Minuman;Ada;4;15000; Rp142.250.000 ; Rp187.000.000 ;Facebook;Shopee;Sewa
108;Owner-0104;MSME-0004;NIK-0108;BirthDate-0107;Street-0004;Village-0001;Perdagangan;Ada;4;1500; Rp132.500.000 ; Rp82.250.000 ;WhatsApp Business, Facebook;Tokopedia;Sendiri
109;Owner-0105;MSME-0032;NIK-0109;BirthDate-0108;Street-0028;Village-0007;Makanan dan Minuman;Ada;4;10000; Rp25.000.000 ; Rp9.250.000 ;TikTok;Shopee;Sendiri
110;Owner-0106;MSME-0052;NIK-0110;BirthDate-0109;Street-0029;Village-0008;Makanan dan Minuman;Ada;3;140; Rp142.750.000 ; Rp52.000.000 ;Facebook;Shopee;Sendiri
111;Owner-0107;MSME-0004;NIK-0111;BirthDate-0110;Street-0004;Village-0001;Perdagangan;Ada;2;75000; Rp402.750.000 ; Rp715.750.000 ;Facebook;Tidak ada;Sendiri
112;Owner-0108;MSME-0053;NIK-0112;BirthDate-0111;Street-0030;Village-0001;Jasa;Ada;5;2500; Rp1.132.500.000 ; Rp822.250.000 ;Instagram;Tidak ada;Sendiri
113;Owner-0109;MSME-0004;NIK-0113;BirthDate-0112;Street-0030;Village-0001;Perdagangan;Ada;3;310; Rp87.500.000 ; Rp128.500.000 ;Facebook;Lazada;Sendiri
114;Owner-0110;MSME-0004;NIK-0114;BirthDate-0113;Street-0004;Village-0001;Perdagangan;Ada;3;200; Rp512.000.000 ; Rp447.750.000 ;Facebook;Tokopedia;Sendiri
115;Owner-0111;MSME-0054;NIK-0115;BirthDate-0114;Street-0031;Village-0007;Jasa;Ada;3;2000; Rp80.000.000 ; Rp30.250.000 ;WhatsApp Business, Facebook;Tidak ada;Sendiri
116;Owner-0112;MSME-0055;NIK-0116;BirthDate-0115;Street-0032;Village-0007;Jasa;Ada;2;90; Rp104.000.000 ; Rp69.250.000 ;Facebook;Tidak ada;Sewa
117;Owner-0113;MSME-0056;NIK-0117;BirthDate-0116;Street-0033;Village-0007;Jasa;Ada;2;200; Rp534.250.000 ; Rp808.000.000 ;Facebook;Tidak ada;Sendiri
118;Owner-0114;MSME-0057;NIK-0118;BirthDate-0117;Street-0034;Village-0007;Makanan dan Minuman;Ada;3;2000; Rp21.250.000 ; Rp10.500.000 ;Instagram;Shopee;Sendiri
119;Owner-0115;MSME-0019;NIK-0119;BirthDate-0118;Street-0004;Village-0001;Makanan dan Minuman;Ada;2;3000; Rp66.750.000 ; Rp115.500.000 ;Instagram;Shopee;Sendiri
120;Owner-0116;MSME-0058;NIK-0120;BirthDate-0119;Street-0001;Village-0001;Jasa;Ada;6;1000; Rp576.500.000 ; Rp644.500.000 ;Facebook;Tokopedia;Sewa
121;Owner-0117;MSME-0001;NIK-0121;BirthDate-0120;Street-0001;Village-0001;Makanan dan Minuman;Ada;5;2500; Rp16.750.000 ; Rp14.500.000 ;WhatsApp Business;Shopee;Sendiri
122;Owner-0118;MSME-0059;NIK-0122;BirthDate-0121;Street-0001;Village-0001;Jasa;Ada;1;8000; Rp74.000.000 ; Rp137.250.000 ;Facebook;Shopee;Sendiri
123;Owner-0119;MSME-0060;NIK-0123;BirthDate-0122;Street-0001;Village-0007;Jasa;Ada;5;28; Rp525.000.000 ; Rp615.000.000 ;Instagram, Facebook, TikTok;Tidak ada;Sendiri
124;Owner-0120;MSME-0061;NIK-0124;BirthDate-0123;Street-0035;Village-0007;Perdagangan;Ada;2;150; Rp5.000.000 ; Rp13.750.000 ;Instagram;Shopee;Sendiri
125;Owner-0096;MSME-0055;NIK-0125;BirthDate-0124;Street-0036;Village-0007;Jasa;Ada;3;85; Rp122.250.000 ; Rp163.000.000 ;Facebook;Tidak ada;Sewa
126;Owner-0121;MSME-0057;NIK-0126;BirthDate-0054;Street-0037;Village-0007;Makanan dan Minuman;Ada;3;10000; Rp78.750.000 ; Rp21.750.000 ;Instagram;Shopee;Sendiri
127;Owner-0122;MSME-0004;NIK-0127;BirthDate-0125;Street-0038;Village-0007;Perdagangan;Ada;6;600; Rp20.750.000 ; Rp24.000.000 ;Facebook;Tokopedia;Sewa
128;Owner-0123;MSME-0004;NIK-0128;BirthDate-0126;Street-0037;Village-0007;Perdagangan;Ada;2;150; Rp177.500.000 ; Rp103.250.000 ;Facebook;Shopee;Sendiri
129;Owner-0124;MSME-0062;NIK-0129;BirthDate-0127;Street-0039;Village-0007;Perdagangan;Ada;8;500; Rp1.160.500.000 ; Rp446.000.000 ;Instagram, Facebook, TikTok;Tokopedia, TikTok Shop;Sendiri
130;Owner-0125;MSME-0063;NIK-0130;BirthDate-0128;Street-0040;Village-0007;Jasa;Ada;5;115; Rp85.500.000 ; Rp26.250.000 ;Instagram;Tidak ada;Sendiri
131;Owner-0126;MSME-0019;NIK-0131;BirthDate-0129;Street-0034;Village-0007;Makanan dan Minuman;Ada;2;560; Rp181.250.000 ; Rp198.750.000 ;Instagram;Tokopedia;Sewa
132;Owner-0127;MSME-0064;NIK-0132;BirthDate-0130;Street-0041;Village-0007;Makanan dan Minuman;Ada;5;270; Rp327.250.000 ; Rp407.250.000 ;WhatsApp Business, TikTok;Shopee;Sendiri
133;Owner-0128;MSME-0065;NIK-0133;BirthDate-0131;Street-0040;Village-0007;Jasa;Ada;2;2500; Rp110.750.000 ; Rp74.250.000 ;Instagram, TikTok;Shopee;Sendiri
134;Owner-0129;MSME-0066;NIK-0134;BirthDate-0132;Street-0042;Village-0007;Industri;Ada;8;3000; Rp176.250.000 ; Rp62.500.000 ;Facebook;Tokopedia;Sendiri
135;Owner-0130;MSME-0067;NIK-0135;BirthDate-0133;Street-0043;Village-0007;Jasa;Ada;4;5000; Rp211.000.000 ; Rp60.500.000 ;WhatsApp Business;Tidak ada;Sendiri
136;Owner-0131;MSME-0004;NIK-0136;BirthDate-0134;Street-0044;Village-0007;Perdagangan;Ada;2;7000; Rp27.750.000 ; Rp6.000.000 ;Tidak ada;Tidak ada;Sendiri
137;Owner-0132;MSME-0004;NIK-0137;BirthDate-0135;Street-0036;Village-0007;Perdagangan;Ada;2;280; Rp196.500.000 ; Rp162.250.000 ;Facebook;Tokopedia;Sendiri
138;Owner-0133;MSME-0068;NIK-0138;BirthDate-0136;Street-0044;Village-0007;Peternakan;Ada;4;250; Rp755.000.000 ; Rp888.250.000 ;Facebook;Tidak ada;Sendiri
139;Owner-0134;MSME-0069;NIK-0139;BirthDate-0137;Street-0045;Village-0007;Perdagangan;Ada;3;200; Rp210.750.000 ; Rp77.250.000 ;Instagram;Shopee;Sewa
140;Owner-0135;MSME-0029;NIK-0140;BirthDate-0138;Street-0046;Village-0007;Makanan dan Minuman;Ada;7;2800; Rp80.750.000 ; Rp15.750.000 ;Facebook;Shopee;Sendiri
141;Owner-0136;MSME-0070;NIK-0141;BirthDate-0139;Street-0047;Village-0007;Perdagangan;Ada;2;80; Rp396.750.000 ; Rp1.062.000.000 ;Facebook, Instagram;Tokopedia;Sendiri
142;Owner-0137;MSME-0071;NIK-0142;BirthDate-0140;Street-0048;Village-0007;Makanan dan Minuman;Ada;5;400; Rp33.500.000 ; Rp16.750.000 ;TikTok;Shopee;Sendiri
143;Owner-0138;MSME-0072;NIK-0143;BirthDate-0031;Street-0048;Village-0007;Makanan dan Minuman;Ada;5;1000; Rp174.000.000 ; Rp88.250.000 ;Instagram;Tidak ada;Sendiri
144;Owner-0139;MSME-0036;NIK-0144;BirthDate-0141;Street-0028;Village-0007;Makanan dan Minuman;Ada;3;300; Rp27.500.000 ; Rp17.500.000 ;Facebook;Shopee;Sendiri
145;Owner-0140;MSME-0029;NIK-0145;BirthDate-0142;Street-0044;Village-0007;Makanan dan Minuman;Ada;2;460; Rp22.250.000 ; Rp17.000.000 ;Instagram;Shopee;Sendiri
146;Owner-0141;MSME-0073;NIK-0146;BirthDate-0143;Street-0044;Village-0007;Perdagangan;Ada;4;260; Rp171.250.000 ; Rp109.000.000 ;Facebook;Tokopedia;Sewa
147;Owner-0142;MSME-0074;NIK-0147;BirthDate-0144;Street-0044;Village-0007;Perdagangan;Ada;4;10000; Rp620.750.000 ; Rp340.500.000 ;Facebook;Shopee;Sendiri
148;Owner-0143;MSME-0075;NIK-0148;BirthDate-0145;Street-0049;Village-0009;Industri;Ada;4;64; Rp230.000.000 ; Rp25.750.000 ;Facebook;Tokopedia;Sendiri
149;Owner-0144;MSME-0061;NIK-0149;BirthDate-0027;Street-0050;Village-0009;Perdagangan;Ada;2;5000; Rp170.000.000 ; Rp69.500.000 ;Facebook;Lazada;Sendiri
150;Owner-0145;MSME-0061;NIK-0150;BirthDate-0146;Street-0050;Village-0009;Perdagangan;Ada;1;300; Rp63.750.000 ; Rp25.750.000 ;WhatsApp Business;Shopee;Sewa
151;Owner-0146;MSME-0061;NIK-0151;BirthDate-0147;Street-0051;Village-0009;Perdagangan;Ada;2;320; Rp16.500.000 ; Rp26.500.000 ;Facebook;Tokopedia;Sendiri
152;Owner-0147;MSME-0076;NIK-0152;BirthDate-0148;Street-0044;Village-0007;Jasa;Ada;3;220; Rp963.750.000 ; Rp1.025.750.000 ;Instagram;Tidak ada;Sendiri
153;Owner-0148;MSME-0004;NIK-0153;BirthDate-0149;Street-0037;Village-0007;Perdagangan;Ada;5;335; Rp425.750.000 ; Rp1.070.000.000 ;Facebook;Shopee;Sendiri
154;Owner-0149;MSME-0004;NIK-0154;BirthDate-0150;Street-0048;Village-0007;Perdagangan;Ada;2;550; Rp17.000.000 ; Rp17.500.000 ;Facebook;Lazada;Sendiri
155;Owner-0150;MSME-0004;NIK-0155;BirthDate-0151;Street-0048;Village-0007;Perdagangan;Ada;2;8000; Rp197.000.000 ; Rp173.250.000 ;Tidak ada;Tidak ada;Sendiri
156;Owner-0151;MSME-0004;NIK-0156;BirthDate-0152;Street-0052;Village-0010;Perdagangan;Ada;2;2000; Rp130.750.000 ; Rp60.500.000 ;Tidak ada;Tidak ada;Sendiri
157;Owner-0152;MSME-0077;NIK-0157;BirthDate-0153;Street-0037;Village-0007;Makanan dan Minuman;Ada;1;200; Rp8.750.000 ; Rp19.250.000 ;WhatsApp Business;Tidak ada;Sendiri
158;Owner-0153;MSME-0078;NIK-0158;BirthDate-0154;Street-0053;Village-0007;Makanan dan Minuman;Ada;2;600; Rp49.500.000 ; Rp9.000.000 ;Facebook;Tidak ada;Sendiri
159;Owner-0154;MSME-0004;NIK-0159;BirthDate-0155;Street-0054;Village-0007;Perdagangan;Ada;2;300; Rp308.750.000 ; Rp467.250.000 ;Instagram;Tokopedia;Sewa
160;Owner-0155;MSME-0001;NIK-0160;BirthDate-0156;Street-0044;Village-0007;Makanan dan Minuman;Ada;3;30000; Rp24.750.000 ; Rp24.250.000 ;TikTok;Tokopedia;Sendiri
161;Owner-0051;MSME-0004;NIK-0161;BirthDate-0157;Street-0055;Village-0007;Perdagangan;Ada;2;1500; Rp129.250.000 ; Rp137.000.000 ;Instagram;Tokopedia;Sewa
162;Owner-0156;MSME-0004;NIK-0162;BirthDate-0158;Street-0056;Village-0007;Perdagangan;Ada;3;15000; Rp39.250.000 ; Rp19.250.000 ;Tidak ada;Tidak ada;Sendiri
163;Owner-0157;MSME-0079;NIK-0163;BirthDate-0159;Street-0057;Village-0005;Industri;Ada;3;300; Rp1.179.250.000 ; Rp1.169.250.000 ;Facebook;Shopee;Sendiri
164;Owner-0158;MSME-0080;NIK-0164;BirthDate-0160;Street-0058;Village-0005;Jasa;Ada;4;510; Rp42.500.000 ; Rp23.250.000 ;Instagram, WhatsApp Business;Tidak ada;Sendiri
165;Owner-0159;MSME-0081;NIK-0165;BirthDate-0161;Street-0056;Village-0007;Makanan dan Minuman;Ada;2;360; Rp34.250.000 ; Rp14.000.000 ;Instagram, TikTok;Shopee;Sendiri
166;Owner-0160;MSME-0037;NIK-0166;BirthDate-0162;Street-0059;Village-0005;Makanan dan Minuman;Ada;2;2500; Rp54.000.000 ; Rp29.250.000 ;TikTok;Shopee;Sendiri
167;Owner-0161;MSME-0004;NIK-0167;BirthDate-0163;Street-0052;Village-0010;Perdagangan;Ada;2;300; Rp152.500.000 ; Rp93.500.000 ;WhatsApp Business;Tokopedia;Sendiri
168;Owner-0162;MSME-0082;NIK-0168;BirthDate-0164;Street-0060;Village-0005;Perdagangan;Ada;4;2750; Rp1.006.250.000 ; Rp866.500.000 ;WhatsApp Business;Tidak ada;Sendiri
169;Owner-0163;MSME-0017;NIK-0169;BirthDate-0165;Street-0060;Village-0005;Makanan dan Minuman;Ada;2;600; Rp22.250.000 ; Rp9.750.000 ;TikTok;Shopee;Sendiri
170;Owner-0164;MSME-0083;NIK-0170;BirthDate-0166;Street-0014;Village-0005;Makanan dan Minuman;Ada;2;400; Rp101.250.000 ; Rp118.250.000 ;Facebook, TikTok;Shopee;Sendiri
171;Owner-0165;MSME-0084;NIK-0171;BirthDate-0167;Street-0013;Village-0003;Jasa;Ada;3;150; Rp37.000.000 ; Rp8.500.000 ;TikTok;Tidak ada;Sewa
172;Owner-0166;MSME-0085;NIK-0172;BirthDate-0168;Street-0013;Village-0005;Jasa;Ada;3;250; Rp29.250.000 ; Rp13.500.000 ;Facebook;Tidak ada;Sendiri
173;Owner-0167;MSME-0004;NIK-0173;BirthDate-0169;Street-0010;Village-0005;Perdagangan;Ada;6;15000; Rp76.500.000 ; Rp155.250.000 ;WhatsApp Business;Tokopedia;Sendiri
174;Owner-0168;MSME-0004;NIK-0174;BirthDate-0170;Street-0061;Village-0003;Perdagangan;Ada;1;275; Rp586.000.000 ; Rp300.750.000 ;Facebook;Shopee;Sewa
175;Owner-0169;MSME-0005;NIK-0175;BirthDate-0171;Street-0010;Village-0005;Makanan dan Minuman;Ada;3;700; Rp17.250.000 ; Rp19.750.000 ;WhatsApp Business;Shopee;Sendiri
176;Owner-0170;MSME-0086;NIK-0176;BirthDate-0172;Street-0010;Village-0005;Perdagangan;Ada;4;10000; Rp141.000.000 ; Rp89.250.000 ;Facebook, TikTok;Lazada;Sendiri
177;Owner-0171;MSME-0087;NIK-0177;BirthDate-0173;Street-0010;Village-0005;Perdagangan;Ada;4;300; Rp161.000.000 ; Rp65.000.000 ;TikTok;Lazada;Sendiri
178;Owner-0172;MSME-0004;NIK-0178;BirthDate-0174;Street-0062;Village-0005;Perdagangan;Ada;2;3000; Rp20.000.000 ; Rp19.750.000 ;WhatsApp Business;Shopee;Sendiri
179;Owner-0173;MSME-0086;NIK-0179;BirthDate-0175;Street-0013;Village-0005;Perdagangan;Ada;2;15000; Rp189.250.000 ; Rp128.500.000 ;TikTok;Shopee;Sewa
180;Owner-0174;MSME-0004;NIK-0180;BirthDate-0176;Street-0014;Village-0005;Perdagangan;Ada;2;1040; Rp1.119.250.000 ; Rp625.500.000 ;Facebook;Tidak ada;Sendiri
181;Owner-0175;MSME-0004;NIK-0181;BirthDate-0177;Street-0010;Village-0005;Perdagangan;Ada;5;8000; Rp28.500.000 ; Rp23.500.000 ;Tidak ada;Tidak ada;Sendiri
182;Owner-0176;MSME-0004;NIK-0182;BirthDate-0178;Street-0010;Village-0005;Perdagangan;Ada;3;4000; Rp168.750.000 ; Rp61.000.000 ;WhatsApp Business;Shopee;Sendiri
183;Owner-0177;MSME-0088;NIK-0183;BirthDate-0179;Street-0063;Village-0003;Perdagangan;Ada;2;200; Rp108.500.000 ; Rp68.000.000 ;TikTok;Tidak ada;Sendiri
184;Owner-0178;MSME-0004;NIK-0184;BirthDate-0180;Street-0013;Village-0005;Perdagangan;Ada;1;110; Rp37.250.000 ; Rp27.750.000 ;Tidak ada;Tokopedia;Sewa
185;Owner-0179;MSME-0086;NIK-0185;BirthDate-0181;Street-0013;Village-0005;Perdagangan;Ada;2;425; Rp158.750.000 ; Rp125.500.000 ;Facebook;Tokopedia;Sendiri
186;Owner-0180;MSME-0017;NIK-0186;BirthDate-0182;Street-0010;Village-0005;Makanan dan Minuman;Ada;4;4000; Rp189.500.000 ; Rp67.000.000 ;TikTok;Shopee;Sendiri
187;Owner-0181;MSME-0017;NIK-0187;BirthDate-0183;Street-0010;Village-0005;Makanan dan Minuman;Ada;5;4000; Rp24.750.000 ; Rp26.750.000 ;TikTok;Shopee;Sendiri
188;Owner-0182;MSME-0037;NIK-0188;BirthDate-0184;Street-0010;Village-0005;Makanan dan Minuman;Ada;3;15000; Rp117.500.000 ; Rp52.000.000 ;Facebook;TikTok;Sendiri
189;Owner-0183;MSME-0089;NIK-0189;BirthDate-0185;Street-0010;Village-0005;Makanan dan Minuman;Ada;3;415; Rp50.150.000 ; Rp24.250.000 ;Facebook;Lazada;Sendiri
190;Owner-0184;MSME-0090;NIK-0190;BirthDate-0046;Street-0064;Village-0007;Perdagangan;Ada;4;4000; Rp313.500.000 ; Rp87.250.000 ;Facebook, TikTok;Tokopedia;Sewa
191;Owner-0185;MSME-0086;NIK-0191;BirthDate-0186;Street-0065;Village-0009;Perdagangan;Ada;2;210; Rp116.000.000 ; Rp86.250.000 ;WhatsApp Business;Tokopedia;Sendiri
192;Owner-0186;MSME-0086;NIK-0192;BirthDate-0187;Street-0014;Village-0005;Perdagangan;Ada;2;4000; Rp480.250.000 ; Rp196.750.000 ;WhatsApp Business;Shopee;Sendiri
193;Owner-0071;MSME-0091;NIK-0193;BirthDate-0188;Street-0066;Village-0011;Jasa;Ada;4;1550; Rp226.500.000 ; Rp225.000.000 ;WhatsApp Business;Tidak ada;Sendiri
194;Owner-0046;MSME-0091;NIK-0194;BirthDate-0046;Street-0010;Village-0005;Jasa;Ada;4;820; Rp174.750.000 ; Rp155.750.000 ;Facebook;Tidak ada;Sendiri
195;Owner-0187;MSME-0085;NIK-0195;BirthDate-0189;Street-0062;Village-0005;Jasa;Ada;4;2000; Rp100.750.000 ; Rp77.575.000 ;Instagram;Tidak ada;Sendiri
196;Owner-0188;MSME-0004;NIK-0196;BirthDate-0190;Street-0010;Village-0005;Perdagangan;Ada;4;5000; Rp67.000.000 ; Rp30.750.000 ;Facebook;Lazada;Sendiri
197;Owner-0189;MSME-0086;NIK-0197;BirthDate-0191;Street-0010;Village-0005;Perdagangan;Ada;2;615; Rp60.250.000 ; Rp110.500.000 ;TikTok;Shopee;Sendiri
198;Owner-0190;MSME-0092;NIK-0198;BirthDate-0192;Street-0010;Village-0005;Jasa;Ada;3;140; Rp807.750.000 ; Rp391.750.000 ;Instagram, TikTok;Tidak ada;Sendiri
199;Owner-0191;MSME-0004;NIK-0199;BirthDate-0193;Street-0010;Village-0005;Perdagangan;Ada;3;530; Rp24.750.000 ; Rp18.000.000 ;Facebook;Tokopedia;Sendiri
200;Owner-0192;MSME-0004;NIK-0200;BirthDate-0194;Street-0067;Village-0009;Perdagangan;Ada;2;500; Rp193.750.000 ; Rp163.000.000 ;Instagram;Shopee;Sendiri
201;Owner-0193;MSME-0086;NIK-0201;BirthDate-0195;Street-0067;Village-0009;Perdagangan;Ada;4;15000; Rp910.000.000 ; Rp465.000.000 ;WhatsApp Business;Tokopedia;Sendiri
202;Owner-0194;MSME-0086;NIK-0202;BirthDate-0196;Street-0068;Village-0005;Perdagangan;Ada;2;4000; Rp12.250.000 ; Rp18.000.000 ;Facebook;Shopee;Sendiri
203;Owner-0195;MSME-0004;NIK-0203;BirthDate-0197;Street-0069;Village-0005;Perdagangan;Ada;2;3000; Rp128.500.000 ; Rp66.750.000 ;WhatsApp Business;Tidak ada;Sendiri
204;Owner-0196;MSME-0004;NIK-0204;BirthDate-0198;Street-0069;Village-0005;Perdagangan;Ada;3;270; Rp1.018.000.000 ; Rp905.000.000 ;WhatsApp Business;Tidak ada;Sendiri
205;Owner-0197;MSME-0086;NIK-0205;BirthDate-0199;Street-0070;Village-0005;Perdagangan;Ada;2;650; Rp27.750.000 ; Rp16.750.000 ;TikTok;Tidak ada;Sendiri
206;Owner-0198;MSME-0004;NIK-0206;BirthDate-0200;Street-0010;Village-0005;Perdagangan;Ada;3;2500; Rp74.250.000 ; Rp132.250.000 ;Tidak ada;Tidak ada;Sendiri
207;Owner-0199;MSME-0093;NIK-0207;BirthDate-0201;Street-0014;Village-0005;Jasa;Ada;2;285; Rp1.062.000.000 ; Rp502.500.000 ;TikTok;Shopee;Sendiri
208;Owner-0200;MSME-0004;NIK-0208;BirthDate-0202;Street-0014;Village-0005;Perdagangan;Ada;2;3000; Rp18.250.000 ; Rp19.000.000 ;WhatsApp Business;Tokopedia;Sendiri
209;Owner-0201;MSME-0005;NIK-0209;BirthDate-0203;Street-0010;Village-0005;Makanan dan Minuman;Ada;3;615; Rp154.750.000 ; Rp98.500.000 ;Facebook;Shopee;Sendiri
210;Owner-0202;MSME-0005;NIK-0210;BirthDate-0204;Street-0010;Village-0005;Makanan dan Minuman;Ada;4;1100; Rp718.500.000 ; Rp670.500.000 ;Facebook;Shopee;Sewa
211;Owner-0203;MSME-0091;NIK-0211;BirthDate-0205;Street-0010;Village-0005;Jasa;Ada;2;105; Rp28.250.000 ; Rp28.500.000 ;Facebook, TikTok;Tidak ada;Sewa
212;Owner-0204;MSME-0086;NIK-0212;BirthDate-0206;Street-0013;Village-0005;Perdagangan;Ada;2;520; Rp179.500.000 ; Rp65.750.000 ;WhatsApp Business, Facebook;Tidak ada;Sendiri
213;Owner-0205;MSME-0004;NIK-0213;BirthDate-0207;Street-0013;Village-0005;Perdagangan;Ada;2;500; Rp338.750.000 ; Rp668.500.000 ;Instagram;Tokopedia;Sendiri
214;Owner-0206;MSME-0017;NIK-0214;BirthDate-0208;Street-0068;Village-0005;Makanan dan Minuman;Ada;3;300; Rp27.250.000 ; Rp25.500.000 ;TikTok;Shopee;Sendiri
215;Owner-0207;MSME-0094;NIK-0215;BirthDate-0209;Street-0064;Village-0007;Perdagangan;Ada;3;615; Rp67.500.000 ; Rp63.750.000 ;Facebook;Tidak ada;Sendiri
216;Owner-0208;MSME-0086;NIK-0216;BirthDate-0210;Street-0069;Village-0005;Perdagangan;Ada;2;2000; Rp776.500.000 ; Rp1.158.750.000 ;Facebook;Shopee;Sendiri
217;Owner-0209;MSME-0004;NIK-0217;BirthDate-0211;Street-0069;Village-0005;Perdagangan;Ada;2;10000; Rp25.250.000 ; Rp27.750.000 ;WhatsApp Business;Shopee;Sendiri
218;Owner-0210;MSME-0076;NIK-0218;BirthDate-0212;Street-0069;Village-0005;Perdagangan;Ada;8;190; Rp82.250.000 ; Rp120.750.000 ;Facebook;Shopee;Sendiri
219;Owner-0211;MSME-0005;NIK-0219;BirthDate-0213;Street-0071;Village-0005;Makanan dan Minuman;Ada;5;3000; Rp496.000.000 ; Rp350.250.000 ;WhatsApp Business;Tidak ada;Sendiri
220;Owner-0212;MSME-0086;NIK-0220;BirthDate-0214;Street-0069;Village-0005;Perdagangan;Ada;2;1800; Rp7.500.000 ; Rp22.750.000 ;WhatsApp Business;Shopee;Sendiri
221;Owner-0213;MSME-0004;NIK-0221;BirthDate-0215;Street-0072;Village-0001;Perdagangan;Ada;3;810; Rp200.500.000 ; Rp54.750.000 ;Instagram;Shopee;Sendiri
222;Owner-0214;MSME-0017;NIK-0222;BirthDate-0216;Street-0071;Village-0005;Makanan dan Minuman;Ada;3;600; Rp940.250.000 ; Rp914.250.000 ;TikTok;Shopee;Sewa
223;Owner-0215;MSME-0017;NIK-0223;BirthDate-0217;Street-0071;Village-0005;Makanan dan Minuman;Ada;7;350; Rp11.500.000 ; Rp25.000.000 ;Facebook;Shopee;Sewa
224;Owner-0216;MSME-0017;NIK-0224;BirthDate-0218;Street-0071;Village-0005;Makanan dan Minuman;Ada;3;2500; Rp175.500.000 ; Rp167.750.000 ;TikTok;Shopee;Sendiri
225;Owner-0217;MSME-0017;NIK-0225;BirthDate-0219;Street-0071;Village-0005;Makanan dan Minuman;Ada;4;1050; Rp524.250.000 ; Rp998.000.000 ;Instagram, TikTok;Shopee;Sendiri
226;Owner-0218;MSME-0092;NIK-0226;BirthDate-0220;Street-0013;Village-0005;Jasa;Ada;4;110; Rp30.500.000 ; Rp13.500.000 ;Instagram, Facebook, TikTok;Tidak ada;Sendiri
227;Owner-0219;MSME-0095;NIK-0227;BirthDate-0221;Street-0071;Village-0005;Pertanian, perkebunan, dan kehutanan;Ada;6;200; Rp76.250.000 ; Rp97.250.000 ;Facebook;Shopee;Sendiri
228;Owner-0220;MSME-0017;NIK-0228;BirthDate-0222;Street-0068;Village-0005;Makanan dan Minuman;Ada;4;750; Rp850.500.000 ; Rp657.500.000 ;TikTok;Shopee;Sewa
229;Owner-0221;MSME-0017;NIK-0229;BirthDate-0223;Street-0013;Village-0005;Makanan dan Minuman;Ada;6;50000; Rp7.750.000 ; Rp8.500.000 ;TikTok, Instagram;Shopee;Sendiri
230;Owner-0222;MSME-0086;NIK-0230;BirthDate-0224;Street-0013;Village-0005;Perdagangan;Ada;2;2100; Rp55.000.000 ; Rp50.000.000 ;Instagram;Tokopedia;Sendiri
231;Owner-0223;MSME-0061;NIK-0231;BirthDate-0225;Street-0073;Village-0005;Perdagangan;Ada;3;380; Rp1.070.750.000 ; Rp1.012.250.000 ;Tidak ada;Tokopedia;Sendiri
232;Owner-0224;MSME-0089;NIK-0232;BirthDate-0226;Street-0073;Village-0005;Makanan dan Minuman;Ada;3;600; Rp26.000.000 ; Rp12.000.000 ;Facebook, TikTok;Lazada;Sendiri
233;Owner-0225;MSME-0061;NIK-0233;BirthDate-0227;Street-0073;Village-0005;Perdagangan;Ada;2;240; Rp193.250.000 ; Rp69.750.000 ;Facebook;Shopee;Sewa
234;Owner-0226;MSME-0001;NIK-0234;BirthDate-0228;Street-0073;Village-0005;Makanan dan Minuman;Ada;5;3000; Rp336.750.000 ; Rp829.000.000 ;WhatsApp Business, Instagram;Shopee;Sendiri
235;Owner-0227;MSME-0017;NIK-0235;BirthDate-0229;Street-0074;Village-0007;Makanan dan Minuman;Ada;3;650; Rp14.250.000 ; Rp9.250.000 ;Facebook, TikTok;Shopee;Sewa
236;Owner-0228;MSME-0061;NIK-0236;BirthDate-0230;Street-0073;Village-0005;Perdagangan;Ada;6;350; Rp54.500.000 ; Rp156.500.000 ;Instagram;Tokopedia;Sewa
237;Owner-0229;MSME-0096;NIK-0237;BirthDate-0231;Street-0073;Village-0005;Perdagangan;Ada;5;7000; Rp416.250.000 ; Rp716.750.000 ;Facebook;Lazada;Sendiri
238;Owner-0230;MSME-0061;NIK-0238;BirthDate-0232;Street-0073;Village-0005;Perdagangan;Ada;1;270; Rp7.500.000 ; Rp25.250.000 ;Instagram;Shopee;Sewa
239;Owner-0223;MSME-0061;NIK-0239;BirthDate-0225;Street-0073;Village-0005;Perdagangan;Ada;3;15000; Rp137.250.000 ; Rp59.500.000 ;Facebook;Tokopedia;Sendiri
240;Owner-0231;MSME-0084;NIK-0240;BirthDate-0233;Street-0073;Village-0005;Jasa;Ada;3;1000; Rp634.500.000 ; Rp1.085.500.000 ;Instagram;Tidak ada;Sendiri
241;Owner-0232;MSME-0061;NIK-0241;BirthDate-0234;Street-0073;Village-0005;Perdagangan;Ada;2;280; Rp10.250.000 ; Rp26.750.000 ;WhatsApp Business;Shopee;Sewa
242;Owner-0233;MSME-0061;NIK-0242;BirthDate-0235;Street-0075;Village-0005;Perdagangan;Ada;2;7000; Rp80.250.000 ; Rp76.000.000 ;Instagram;Tokopedia;Sendiri
243;Owner-0234;MSME-0017;NIK-0243;BirthDate-0236;Street-0073;Village-0005;Makanan dan Minuman;Ada;4;5000; Rp1.123.500.000 ; Rp1.085.250.000 ;TikTok;Shopee;Sendiri
244;Owner-0235;MSME-0061;NIK-0244;BirthDate-0237;Street-0073;Village-0005;Perdagangan;Ada;2;290; Rp30.250.000 ; Rp19.250.000 ;Facebook;Shopee;Sewa
245;Owner-0236;MSME-0061;NIK-0245;BirthDate-0238;Street-0076;Village-0005;Perdagangan;Ada;3;30000; Rp62.250.000 ; Rp151.250.000 ;WhatsApp Business, TikTok;Tokopedia;Sendiri
246;Owner-0237;MSME-0061;NIK-0246;BirthDate-0227;Street-0073;Village-0005;Perdagangan;Tidak Ada;3;18000; Rp1.194.750.000 ; Rp1.133.000.000 ;WhatsApp Business;Tokopedia;Sendiri
247;Owner-0238;MSME-0061;NIK-0247;BirthDate-0239;Street-0077;Village-0003;Perdagangan;Ada;3;30000; Rp13.500.000 ; Rp5.250.000 ;Instagram;Shopee;Sendiri
248;Owner-0239;MSME-0089;NIK-0248;BirthDate-0240;Street-0076;Village-0005;Makanan dan Minuman;Ada;4;5000; Rp142.500.000 ; Rp197.500.000 ;TikTok;Tokopedia;Sendiri
249;Owner-0240;MSME-0097;NIK-0249;BirthDate-0241;Street-0076;Village-0005;Makanan dan Minuman;Ada;3;2500; Rp471.000.000 ; Rp1.142.750.000 ;Instagram;Shopee;Sewa
250;Owner-0241;MSME-0061;NIK-0250;BirthDate-0242;Street-0073;Village-0005;Perdagangan;Ada;3;160; Rp6.000.000 ; Rp19.250.000 ;Tidak ada;Tidak ada;Sendiri
251;Owner-0242;MSME-0098;NIK-0251;BirthDate-0243;Street-0078;Village-0005;Perdagangan;Ada;4;2000; Rp181.250.000 ; Rp125.500.000 ;Instagram;Shopee;Sewa
252;Owner-0243;MSME-0099;NIK-0252;BirthDate-0244;Street-0073;Village-0005;Jasa;Ada;2;185; Rp677.750.000 ; Rp806.250.000 ;TikTok;Shopee;Sendiri
253;Owner-0244;MSME-0061;NIK-0253;BirthDate-0245;Street-0073;Village-0005;Perdagangan;Ada;2;210; Rp19.750.000 ; Rp10.250.000 ;Facebook;Tokopedia;Sewa
254;Owner-0245;MSME-0061;NIK-0254;BirthDate-0246;Street-0073;Village-0005;Perdagangan;Ada;2;200; Rp78.000.000 ; Rp146.250.000 ;TikTok;Shopee;Sendiri
255;Owner-0246;MSME-0061;NIK-0255;BirthDate-0247;Street-0079;Village-0005;Perdagangan;Ada;3;5000; Rp411.750.000 ; Rp692.500.000 ;Facebook;Shopee;Sendiri
256;Owner-0247;MSME-0061;NIK-0256;BirthDate-0248;Street-0073;Village-0005;Perdagangan;Ada;6;10000; Rp19.000.000 ; Rp29.000.000 ;Facebook;Shopee;Sendiri
257;Owner-0248;MSME-0061;NIK-0257;BirthDate-0249;Street-0080;Village-0005;Perdagangan;Ada;2;540; Rp193.000.000 ; Rp154.000.000 ;Tidak ada;Tidak ada;Sendiri
258;Owner-0249;MSME-0089;NIK-0258;BirthDate-0226;Street-0073;Village-0005;Makanan dan Minuman;Ada;3;3000; Rp385.500.000 ; Rp954.750.000 ;Facebook;Tokopedia;Sendiri
259;Owner-0250;MSME-0061;NIK-0259;BirthDate-0250;Street-0057;Village-0005;Perdagangan;Ada;2;4000; Rp22.000.000 ; Rp29.750.000 ;Facebook;Tokopedia;Sendiri
260;Owner-0251;MSME-0036;NIK-0260;BirthDate-0251;Street-0081;Village-0009;Perdagangan;Ada;3;2500; Rp112.000.000 ; Rp172.500.000 ;TikTok;Lazada;Sendiri
261;Owner-0252;MSME-0100;NIK-0261;BirthDate-0252;Street-0082;Village-0007;Makanan dan Minuman;Ada;4;860; Rp1.098.500.000 ; Rp757.250.000 ;Instagram;Tokopedia;Sendiri
262;Owner-0253;MSME-0017;NIK-0262;BirthDate-0253;Street-0054;Village-0007;Makanan dan Minuman;Ada;8;250; Rp21.500.000 ; Rp27.000.000 ;TikTok;Shopee;Sendiri
263;Owner-0254;MSME-0004;NIK-0263;BirthDate-0254;Street-0083;Village-0005;Perdagangan;Ada;3;5000; Rp164.500.000 ; Rp192.750.000 ;WhatsApp Business;Shopee;Sewa
264;Owner-0255;MSME-0004;NIK-0264;BirthDate-0255;Street-0084;Village-0007;Perdagangan;Ada;3;300; Rp547.500.000 ; Rp1.016.500.000 ;Facebook;Tokopedia;Sendiri
265;Owner-0256;MSME-0004;NIK-0265;BirthDate-0256;Street-0080;Village-0005;Perdagangan;Tidak Ada;2;3550; Rp20.250.000 ; Rp19.750.000 ;Facebook;Tokopedia;Sendiri
266;Owner-0256;MSME-0004;NIK-0266;BirthDate-0256;Street-0080;Village-0005;Perdagangan;Tidak Ada;2;3550; Rp131.250.000 ; Rp110.250.000 ;Facebook;Tokopedia;Sendiri
267;Owner-0257;MSME-0004;NIK-0267;BirthDate-0257;Street-0080;Village-0005;Perdagangan;Ada;3;5025; Rp906.000.000 ; Rp305.000.000 ;TikTok;Lazada;Sendiri
268;Owner-0258;MSME-0101;NIK-0268;BirthDate-0258;Street-0085;Village-0007;Jasa;Ada;4;8000; Rp10.500.000 ; Rp22.500.000 ;Instagram, Facebook;Tidak ada;Sendiri
269;Owner-0259;MSME-0004;NIK-0269;BirthDate-0259;Street-0086;Village-0005;Perdagangan;Ada;2;2000; Rp137.750.000 ; Rp199.000.000 ;WhatsApp Business;Tokopedia;Sendiri
270;Owner-0260;MSME-0102;NIK-0270;BirthDate-0260;Street-0080;Village-0005;Jasa;Ada;4;285; Rp774.500.000 ; Rp547.000.000 ;Instagram, TikTok;Tidak ada;Sendiri
271;Owner-0261;MSME-0103;NIK-0271;BirthDate-0261;Street-0080;Village-0005;Perdagangan;Ada;4;390; Rp21.500.000 ; Rp13.000.000 ;Facebook;Tokopedia, Lazada;Sendiri
272;Owner-0262;MSME-0037;NIK-0272;BirthDate-0262;Street-0080;Village-0005;Makanan dan Minuman;Ada;8;1200; Rp58.000.000 ; Rp67.500.000 ;Instagram;Shopee;Sendiri
273;Owner-0263;MSME-0104;NIK-0273;BirthDate-0263;Street-0087;Village-0007;Makanan dan Minuman;Ada;2;500; Rp1.162.500.000 ; Rp675.000.000 ;Facebook;Tidak ada;Sendiri
274;Owner-0264;MSME-0037;NIK-0274;BirthDate-0264;Street-0086;Village-0005;Makanan dan Minuman;Ada;2;1500; Rp17.000.000 ; Rp14.000.000 ;Instagram, TikTok;Shopee;Sewa
275;Owner-0265;MSME-0105;NIK-0275;BirthDate-0265;Street-0080;Village-0005;Perdagangan;Ada;5;1000; Rp129.500.000 ; Rp79.250.000 ;Facebook;Tidak ada;Sendiri
276;Owner-0266;MSME-0005;NIK-0276;BirthDate-0266;Street-0088;Village-0006;Makanan dan Minuman;Ada;2;2500; Rp795.000.000 ; Rp686.000.000 ;TikTok;Shopee;Sendiri
277;Owner-0267;MSME-0004;NIK-0277;BirthDate-0267;Street-0080;Village-0005;Perdagangan;Ada;2;2500; Rp23.500.000 ; Rp29.500.000 ;WhatsApp Business;Tidak ada;Sendiri
278;Owner-0268;MSME-0004;NIK-0278;BirthDate-0268;Street-0080;Village-0005;Perdagangan;Ada;6;7000; Rp145.750.000 ; Rp56.750.000 ;Facebook;Tokopedia;Sendiri
279;Owner-0269;MSME-0004;NIK-0279;BirthDate-0269;Street-0080;Village-0005;Perdagangan;Ada;2;550; Rp477.500.000 ; Rp997.250.000 ;Tidak ada;Tidak ada;Sendiri
280;Owner-0270;MSME-0004;NIK-0280;BirthDate-0270;Street-0080;Village-0005;Perdagangan;Ada;3;500; Rp12.750.000 ; Rp17.250.000 ;Tidak ada;Tidak ada;Sendiri
281;Owner-0271;MSME-0004;NIK-0281;BirthDate-0271;Street-0080;Village-0005;Perdagangan;Ada;3;7000; Rp198.750.000 ; Rp136.000.000 ;Facebook;Tokopedia;Sendiri
282;Owner-0272;MSME-0106;NIK-0282;BirthDate-0272;Street-0080;Village-0005;Makanan dan Minuman;Ada;2;1500; Rp978.250.000 ; Rp961.500.000 ;Facebook;Lazada;Sendiri
283;Owner-0273;MSME-0004;NIK-0283;BirthDate-0273;Street-0080;Village-0005;Perdagangan;Ada;2;150; Rp23.750.000 ; Rp25.000.000 ;Facebook;Tokopedia;Sendiri
284;Owner-0274;MSME-0004;NIK-0284;BirthDate-0274;Street-0089;Village-0003;Makanan dan Minuman;Tidak Ada;2;600; Rp193.750.000 ; Rp82.750.000 ;Facebook;Tokopedia;Sendiri
285;Owner-0275;MSME-0107;NIK-0285;BirthDate-0275;Street-0086;Village-0005;Perdagangan;Ada;3;265; Rp1.007.000.000 ; Rp537.750.000 ;Facebook;Tokopedia;Sendiri
286;Owner-0276;MSME-0108;NIK-0286;BirthDate-0276;Street-0090;Village-0003;Makanan dan Minuman;Ada;6;1500; Rp160.000.000 ; Rp133.500.000 ;Instagram, TikTok;Shopee;Sendiri
287;Owner-0276;MSME-0108;NIK-0286;BirthDate-0276;Street-0090;Village-0003;Makanan dan Minuman;Ada;6;1500; Rp160.000.000 ; Rp133.500.000 ;Instagram, TikTok;Shopee;Sendiri
288;Owner-0277;MSME-0109;NIK-0287;BirthDate-0277;Street-0091;Village-0007;Makanan dan Minuman;Ada;4;700; Rp611.250.000 ; Rp1.083.250.000 ;Instagram, TikTok;Shopee;Sendiri
289;Owner-0278;MSME-0110;NIK-0288;BirthDate-0278;Street-0092;Village-0001;Makanan dan Minuman;Tidak Ada;8;800; Rp29.250.000 ; Rp30.750.000 ;WhatsApp Business, Instagram, TikTok;Shopee;Sendiri
290;Owner-0279;MSME-0111;NIK-0289;BirthDate-0279;Street-0093;Village-0006;Makanan dan Minuman;Tidak Ada;8;600; Rp104.750.000 ; Rp122.500.000 ;Instagram, TikTok;Shopee;Sendiri
291;Owner-0280;MSME-0112;NIK-0290;BirthDate-0280;Street-0094;Village-0003;Makanan dan Minuman;Ada;8;100; Rp670.750.000 ; Rp521.500.000 ;Tidak ada;Tidak ada;Sendiri
292;Owner-0281;MSME-0113;NIK-0291;BirthDate-0281;Street-0095;Village-0007;Makanan dan Minuman;Tidak Ada;2;3000; Rp28.750.000 ; Rp20.750.000 ;Facebook, TikTok;Shopee;Sendiri
293;Owner-0282;MSME-0114;NIK-0292;BirthDate-0282;Street-0096;Village-0007;Makanan dan Minuman;Ada;5;110; Rp196.000.000 ; Rp81.250.000 ;WhatsApp Business;Tidak ada;Sendiri
294;Owner-0283;MSME-0115;NIK-0293;BirthDate-0283;Street-0021;Village-0005;Makanan dan Minuman;Ada;6;2000; Rp610.750.000 ; Rp434.250.000 ;Instagram, TikTok;Shopee;Sewa
295;Owner-0284;MSME-0116;NIK-0294;BirthDate-0284;Street-0097;Village-0007;Makanan dan Minuman;Ada;8;1000; Rp30.500.000 ; Rp9.000.000 ;TikTok, Instagram;Shopee;Sendiri
296;Owner-0285;MSME-0117;NIK-0295;BirthDate-0285;Street-0025;Village-0001;Makanan dan Minuman;Ada;2;810; Rp178.500.000 ; Rp120.250.000 ;Tidak ada;Tidak ada;Sewa
297;Owner-0286;MSME-0118;NIK-0296;BirthDate-0286;Street-0025;Village-0001;Industri;Ada;5;115; Rp322.000.000 ; Rp493.500.000 ;Facebook;Tokopedia;Sendiri
298;Owner-0287;MSME-0012;NIK-0297;BirthDate-0287;Street-0025;Village-0001;Makanan dan Minuman;Ada;3;300; Rp15.000.000 ; Rp30.000.000 ;WhatsApp Business, TikTok;Shopee;Sendiri
299;Owner-0288;MSME-0118;NIK-0298;BirthDate-0288;Street-0025;Village-0001;Jasa;Ada;4;1000; Rp101.750.000 ; Rp105.750.000 ;Instagram;Shopee;Sendiri
300;Owner-0289;MSME-0001;NIK-0013;BirthDate-0013;Street-0025;Village-0001;Makanan dan Minuman;Tidak Ada;8;500; Rp694.750.000 ; Rp493.750.000 ;TikTok;Shopee;Sendiri
301;Owner-0290;MSME-0118;NIK-0299;BirthDate-0289;Street-0004;Village-0001;Jasa;Ada;6;620; Rp19.000.000 ; Rp8.000.000 ;Facebook;Shopee;Sendiri
302;Owner-0291;MSME-0119;NIK-0300;BirthDate-0290;Street-0098;Village-0012;Jasa;Ada;3;500; Rp83.250.000 ; Rp131.500.000 ;Facebook, TikTok;Tidak ada;Sendiri
303;Owner-0292;MSME-0120;NIK-0301;BirthDate-0291;Street-0098;Village-0001;Jasa;Ada;2;500; Rp160.500.000 ; Rp117.000.000 ;Facebook, TikTok;Tidak ada;Sendiri
304;Owner-0293;MSME-0081;NIK-0302;BirthDate-0292;Street-0001;Village-0001;Makanan dan Minuman;Ada;2;250; Rp22.000.000 ; Rp30.500.000 ;TikTok;Shopee;Sendiri
305;Owner-0294;MSME-0118;NIK-0303;BirthDate-0293;Street-0099;Village-0001;Jasa;Ada;4;150; Rp1.140.500.000 ; Rp636.500.000 ;Instagram;Tokopedia;Sendiri
306;Owner-0295;MSME-0121;NIK-0304;BirthDate-0294;Street-0001;Village-0001;Makanan dan Minuman;Ada;2;140; Rp140.500.000 ; Rp66.500.000 ;TikTok;Shopee;Sendiri
307;Owner-0296;MSME-0121;NIK-0305;BirthDate-0295;Street-0001;Village-0001;Makanan dan Minuman;Ada;2;10000; Rp123.750.000 ; Rp70.000.000 ;TikTok;Shopee, Lazada;Sendiri
308;Owner-0297;MSME-0121;NIK-0306;BirthDate-0296;Street-0001;Village-0001;Makanan dan Minuman;Ada;4;2000; Rp112.750.000 ; Rp54.500.000 ;TikTok;Shopee;Sendiri
309;Owner-0298;MSME-0122;NIK-0307;BirthDate-0297;Street-0001;Village-0001;Perdagangan;Ada;3;250; Rp1.073.250.000 ; Rp1.084.250.000 ;Facebook, TikTok;Shopee;Sendiri
310;Owner-0299;MSME-0005;NIK-0308;BirthDate-0298;Street-0001;Village-0001;Makanan dan Minuman;Ada;3;2000; Rp26.000.000 ; Rp19.250.000 ;Facebook, TikTok;Shopee;Sewa
311;Owner-0300;MSME-0081;NIK-0309;BirthDate-0299;Street-0067;Village-0009;Makanan dan Minuman;Ada;2;3000; Rp179.500.000 ; Rp124.000.000 ;Tidak ada;Tidak ada;Sendiri
312;Owner-0241;MSME-0004;NIK-0310;BirthDate-0300;Street-0001;Village-0001;Perdagangan;Ada;3;15000; Rp653.250.000 ; Rp725.250.000 ;WhatsApp Business;Lazada;Sendiri
313;Owner-0301;MSME-0004;NIK-0311;BirthDate-0301;Street-0001;Village-0001;Perdagangan;Ada;2;1000; Rp18.750.000 ; Rp21.500.000 ;Facebook;Shopee;Sendiri
314;Owner-0302;MSME-0123;NIK-0312;BirthDate-0302;Street-0001;Village-0001;Jasa;Ada;3;700; Rp89.750.000 ; Rp106.250.000 ;Facebook;Tidak ada;Sendiri
315;Owner-0303;MSME-0124;NIK-0313;BirthDate-0303;Street-0001;Village-0001;Perdagangan;Ada;8;10000; Rp451.750.000 ; Rp910.750.000 ;Facebook;Shopee;Sendiri
316;Owner-0126;MSME-0004;NIK-0314;BirthDate-0304;Street-0001;Village-0001;Perdagangan;Ada;3;870; Rp20.750.000 ; Rp29.750.000 ;Instagram;Shopee;Sendiri
317;Owner-0304;MSME-0004;NIK-0315;BirthDate-0305;Street-0001;Village-0001;Perdagangan;Ada;1;240; Rp81.750.000 ; Rp114.250.000 ;Tidak ada;Tidak ada;Sendiri
318;Owner-0305;MSME-0118;NIK-0316;BirthDate-0306;Street-0099;Village-0001;Jasa;Ada;4;84; Rp1.180.000.000 ; Rp673.000.000 ;Tidak ada;Tidak ada;Sendiri
319;Owner-0306;MSME-0010;NIK-0317;BirthDate-0307;Street-0099;Village-0001;Makanan dan Minuman;Ada;8;2500; Rp30.750.000 ; Rp10.250.000 ;Facebook, TikTok;Shopee;Sendiri
320;Owner-0307;MSME-0125;NIK-0318;BirthDate-0308;Street-0099;Village-0001;Industri;Ada;15;1400; Rp1.120.250.000 ; Rp562.750.000 ;Facebook, TikTok;Tidak ada;Sendiri
321;Owner-0037;MSME-0019;NIK-0319;BirthDate-0037;Street-0001;Village-0001;Makanan dan Minuman;Ada;8;50000; Rp112.250.000 ; Rp118.750.000 ;TikTok;Tokopedia;Sendiri
322;Owner-0308;MSME-0126;NIK-0320;BirthDate-0309;Street-0004;Village-0001;Makanan dan Minuman;Ada;5;18500; Rp88.000.000 ; Rp29.250.000 ;Instagram, TikTok;Shopee;Sendiri
323;Owner-0069;MSME-0127;NIK-0321;BirthDate-0069;Street-0100;Village-0005;Makanan dan Minuman;Ada;8;1250; Rp132.000.000 ; Rp182.750.000 ;Instagram, Facebook, TikTok;Shopee;Sendiri
324;Owner-0309;MSME-0128;NIK-0322;BirthDate-0310;Street-0101;Village-0005;Makanan dan Minuman;Ada;6;5500; Rp1.130.500.000 ; Rp859.750.000 ;WhatsApp Business, Instagram;Shopee;Sendiri
325;Owner-0310;MSME-0129;NIK-0323;BirthDate-0311;Street-0102;Village-0007;Makanan dan Minuman;Ada;4;745; Rp14.500.000 ; Rp12.500.000 ;Instagram, TikTok;Shopee;Sendiri
326;Owner-0311;MSME-0130;NIK-0324;BirthDate-0312;Street-0103;Village-0005;Makanan dan Minuman;Ada;6;750; Rp94.250.000 ; Rp122.500.000 ;Instagram, TikTok;Shopee;Sendiri
327;Owner-0312;MSME-0131;NIK-0325;BirthDate-0313;Street-0014;Village-0005;Jasa;Tidak Ada;4;125; Rp586.250.000 ; Rp926.500.000 ;Facebook;Tidak ada;Sendiri
328;Owner-0313;MSME-0132;NIK-0326;BirthDate-0314;Street-0104;Village-0007;Perdagangan;Ada;3;250; Rp38.000.000 ; Rp16.500.000 ;Facebook;Shopee;Sendiri
329;Owner-0314;MSME-0133;NIK-0327;BirthDate-0315;Street-0105;Village-0003;Makanan dan Minuman;Ada;4;10000; Rp82.750.000 ; Rp71.250.000 ;Facebook;Tokopedia;Sendiri
330;Owner-0315;MSME-0134;NIK-0328;BirthDate-0315;Street-0106;Village-0007;Perdagangan;Ada;6;1000; Rp588.250.000 ; Rp178.500.000 ;Instagram, TikTok;Tokopedia;Sendiri
331;Owner-0316;MSME-0135;NIK-0329;BirthDate-0316;Street-0107;Village-0007;Perdagangan;Ada;3;300; Rp28.000.000 ; Rp18.250.000 ;Tiktok;Shopee;Sendiri
332;Owner-0317;MSME-0136;NIK-0330;BirthDate-0283;Street-0010;Village-0006;Makanan dan Minuman;Ada;3;1000; Rp132.750.000 ; Rp95.500.000 ;Instagram, TikTok;Shopee;Sendiri
333;Owner-0318;MSME-0137;NIK-0331;BirthDate-0228;Street-0108;Village-0006;Perdagangan;Ada;4;3100; Rp501.500.000 ; Rp1.070.000.000 ;Instagram, TikTok;Tokopedia;Sendiri
334;Owner-0319;MSME-0138;NIK-0332;BirthDate-0317;Street-0109;Village-0009;Makanan dan Minuman;Ada;3;760; Rp51.500.000 ; Rp24.000.000 ;TikTok;Shopee;Sewa
335;Owner-0320;MSME-0139;NIK-0333;BirthDate-0318;Street-0110;Village-0003;Makanan dan Minuman;Ada;4;450; Rp71.750.000 ; Rp148.250.000 ;Facebook;Shopee;Sendiri
336;Owner-0321;MSME-0140;NIK-0334;BirthDate-0319;Street-0023;Village-0006;Makanan dan Minuman;Ada;5;2000; Rp588.000.000 ; Rp588.000.000 ;WhatsApp Business;Shopee;Sendiri
337;Owner-0322;MSME-0001;NIK-0335;BirthDate-0320;Street-0111;Village-0007;Makanan dan Minuman;Ada;5;128; Rp26.250.000 ; Rp22.500.000 ;Instagram, Facebook, TikTok;Shopee;Sendiri
338;Owner-0323;MSME-0004;NIK-0336;BirthDate-0321;Street-0112;Village-0007;Makanan dan Minuman;Ada;2;400; Rp82.750.000 ; Rp51.500.000 ;Instagram;Shopee;Sewa
339;Owner-0324;MSME-0141;NIK-0337;BirthDate-0322;Street-0113;Village-0010;Jasa;Tidak Ada;2;480; Rp470.750.000 ; Rp721.750.000 ;TikTok, Instagram;Shopee, Tokopedia;Sendiri
340;Owner-0325;MSME-0142;NIK-0338;BirthDate-0323;Street-0113;Village-0010;Perdagangan;Tidak Ada;5;10000; Rp7.000.000 ; Rp5.750.000 ;Instagram, TikTok;Tokopedia;Sewa
341;Owner-0326;MSME-0142;NIK-0339;BirthDate-0324;Street-0113;Village-0010;Perdagangan;Tidak Ada;6;20000; Rp129.750.000 ; Rp68.750.000 ;Facebook, TikTok;Shopee;Sendiri
342;Owner-0327;MSME-0142;NIK-0340;BirthDate-0325;Street-0113;Village-0010;Perdagangan;Tidak Ada;6;15000; Rp471.750.000 ; Rp970.250.000 ;Facebook;Shopee;Sendiri
343;Owner-0328;MSME-0143;NIK-0341;BirthDate-0326;Street-0113;Village-0010;Perdagangan;Tidak Ada;4;1000; Rp16.750.000 ; Rp29.500.000 ;Facebook;Tokopedia;Sendiri
344;Owner-0329;MSME-0144;NIK-0342;BirthDate-0327;Street-0113;Village-0010;Perdagangan;Tidak Ada;7;1800; Rp144.000.000 ; Rp133.750.000 ;Instagram, Facebook;Shopee;Sendiri
345;Owner-0071;MSME-0145;NIK-0343;BirthDate-0191;Street-0113;Village-0010;Peternakan;Tidak Ada;5;35; Rp1.049.750.000 ; Rp885.750.000 ;Facebook;Tidak ada;Sendiri
346;Owner-0330;MSME-0146;NIK-0344;BirthDate-0328;Street-0113;Village-0010;Peternakan;Tidak Ada;3;4000; Rp14.000.000 ; Rp23.500.000 ;WhatsApp Business;Tidak ada;Sendiri
347;Owner-0161;MSME-0147;NIK-0345;BirthDate-0329;Street-0113;Village-0010;Peternakan;Tidak Ada;1;350; Rp136.250.000 ; Rp65.750.000 ;WhatsApp Business;Tidak ada;Sendiri
348;Owner-0331;MSME-0148;NIK-0346;BirthDate-0330;Street-0113;Village-0010;Industri;Tidak Ada;4;7000; Rp1.170.750.000 ; Rp969.000.000 ;Tidak ada;Lazada;Sendiri
349;Owner-0161;MSME-0146;NIK-0347;BirthDate-0329;Street-0113;Village-0010;Peternakan;Tidak Ada;2;123; Rp125.750.000 ; Rp24.000.000 ;Instagram;Tidak ada;Sendiri
350;Owner-0332;MSME-0149;NIK-0348;BirthDate-0331;Street-0114;Village-0002;Perdagangan;Tidak Ada;4;2000; Rp109.750.000 ; Rp107.500.000 ;Facebook, TikTok;Tokopedia;Sendiri
351;Owner-0333;MSME-0150;NIK-0349;BirthDate-0332;Street-0115;Village-0007;Industri;Tidak Ada;4;3000; Rp70.500.000 ; Rp28.250.000 ;Instagram, TikTok;Shopee;Sendiri
352;Owner-0334;MSME-0151;NIK-0350;BirthDate-0333;Street-0116;Village-0003;Makanan dan Minuman;Tidak Ada;8;870; Rp570.500.000 ; Rp150.000.000 ;Instagram, TikTok;Shopee;Sendiri
353;Owner-0335;MSME-0152;NIK-0351;BirthDate-0334;Street-0117;Village-0003;Peternakan;Tidak Ada;4;245; Rp63.250.000 ; Rp89.750.000 ;WhatsApp Business;Tidak ada;Sendiri
354;Owner-0336;MSME-0153;NIK-0352;BirthDate-0335;Street-0106;Village-0007;Jasa;Tidak Ada;4;1045; Rp448.500.000 ; Rp522.000.000 ;WhatsApp Business, TikTok; Tokopedia;Sendiri
355;Owner-0337;MSME-0154;NIK-0353;BirthDate-0162;Street-0118;Village-0005;Industri;Tidak Ada;8;7500; Rp1.016.750.000 ; Rp330.500.000 ;TikTok;Tidak ada;Sendiri
356;Owner-0338;MSME-0098;NIK-0354;BirthDate-0336;Street-0119;Village-0010;Perdagangan;Tidak Ada;4;2500; Rp59.750.000 ; Rp159.000.000 ;TikTok, Intagram;Shopee;Sendiri
357;Owner-0323;MSME-0061;NIK-0355;BirthDate-0321;Street-0112;Village-0007;Perdagangan;Ada;2;475; Rp516.750.000 ; Rp130.500.000 ;Instagram;Shopee;Sewa
337;Owner-0322;MSME-0001;NIK-0335;BirthDate-0320;Street-0111;Village-0007;Makanan dan Minuman;Ada;5;128; Rp16.500.000 ; Rp14.000.000 ;Instagram, Facebook, TikTok;Shopee;Sendiri
359;Owner-0339;MSME-0155;NIK-0356;BirthDate-0033;Street-0120;Village-0005;Perdagangan;Tidak Ada;5;4000; Rp83.500.000 ; Rp94.250.000 ;WhatsApp Business, TikTok;Tokopedia;Sendiri
360;Owner-0340;MSME-0156;NIK-0357;BirthDate-0033;Street-0106;Village-0013;Perdagangan;Tidak Ada;4;440; Rp447.500.000 ; Rp1.036.000.000 ;Instagram, TikTok;Shopee;Sendiri
361;Owner-0341;MSME-0157;NIK-0358;BirthDate-0337;Street-0121;Village-0003;Perdagangan;Tidak Ada;4;155; Rp556.750.000 ; Rp631.500.000 ;TikTok;Tokopedia;Sendiri
362;Owner-0342;MSME-0158;NIK-0359;BirthDate-0338;Street-0122;Village-0001;Perdagangan;Tidak Ada;4;315; Rp57.750.000 ; Rp184.500.000 ;Instagram, TikTok;Shopee;Sewa
363;Owner-0343;MSME-0159;NIK-0360;BirthDate-0339;Street-0035;Village-0003;Makanan dan Minuman;Tidak Ada;4;15000; Rp55.750.000 ; Rp32.500.000 ;Facebook, TikTok;Shopee;Sendiri
364;Owner-0344;MSME-0160;NIK-0361;BirthDate-0340;Street-0115;Village-0007;Makanan dan Minuman;Tidak Ada;4;8000; Rp22.250.000 ; Rp6.250.000 ;Instagram;Shopee;Sendiri
365;Owner-0344;MSME-0160;NIK-0362;BirthDate-0341;Street-0115;Village-0007;Perdagangan;Tidak Ada;4;10000; Rp104.250.000 ; Rp126.000.000 ;Facebook;Shopee;Sendiri
366;Owner-0344;MSME-0160;NIK-0363;BirthDate-0342;Street-0115;Village-0007;Makanan dan Minuman;Tidak Ada;4;750; Rp331.250.000 ; Rp427.250.000 ;Instagram;Shopee;Sendiri
367;Owner-0344;MSME-0160;NIK-0364;BirthDate-0343;Street-0115;Village-0007;Perdagangan;Tidak Ada;4;8000; Rp6.750.000 ; Rp28.500.000 ;WhatsApp Business;Shopee;Sendiri
368;Owner-0345;MSME-0161;NIK-0365;BirthDate-0344;Street-0115;Village-0007;Makanan dan Minuman;Tidak Ada;4;1; Rp92.000.000 ; Rp140.000.000 ;Instagram;Shopee;Sendiri
369;Owner-0344;MSME-0160;NIK-0366;BirthDate-0186;Street-0115;Village-0007;Makanan dan Minuman;Tidak Ada;4;7000; Rp1.006.000.000 ; Rp912.500.000 ;WhatsApp Business;Shopee;Sendiri
370;Owner-0344;MSME-0160;NIK-0367;BirthDate-0345;Street-0115;Village-0007;Makanan dan Minuman;Tidak Ada;6;1500; Rp63.250.000 ; Rp22.750.000 ;Facebook;Shopee;Sendiri
371;Owner-0344;MSME-0160;NIK-0367;BirthDate-0345;Street-0115;Village-0007;Makanan dan Minuman;Tidak Ada;6;1500; Rp63.250.000 ; Rp22.750.000 ;Facebook;Shopee;Sendiri
372;Owner-0344;MSME-0160;NIK-0368;BirthDate-0346;Street-0115;Village-0007;Makanan dan Minuman;Tidak Ada;4;3000; Rp706.500.000 ; Rp339.250.000 ;WhatsApp Business;Shopee;Sendiri
373;Owner-0344;MSME-0160;NIK-0369;BirthDate-0347;Street-0115;Village-0007;Makanan dan Minuman;Tidak Ada;4;8000; Rp22.250.000 ; Rp12.750.000 ;Instagram;Shopee;Sendiri
374;Owner-0344;MSME-0160;NIK-0370;BirthDate-0348;Street-0115;Village-0007;Makanan dan Minuman;Tidak Ada;4;800; Rp165.000.000 ; Rp65.500.000 ;Facebook;Shopee;Sendiri
375;Owner-0344;MSME-0160;NIK-0370;BirthDate-0348;Street-0115;Village-0007;Makanan dan Minuman;Tidak Ada;4;800; Rp165.000.000 ; Rp65.500.000 ;Facebook;Shopee;Sendiri
376;Owner-0344;MSME-0160;NIK-0371;BirthDate-0349;Street-0115;Village-0007;Makanan dan Minuman;Tidak Ada;6;25000; Rp17.250.000 ; Rp28.500.000 ;Instagram;Shopee;Sendiri
377;Owner-0344;MSME-0160;NIK-0372;BirthDate-0350;Street-0115;Village-0007;Makanan dan Minuman;Tidak Ada;4;800; Rp183.500.000 ; Rp127.250.000 ;Facebook;Shopee;Sendiri
378;Owner-0344;MSME-0160;NIK-0373;BirthDate-0351;Street-0115;Village-0007;Makanan dan Minuman;Tidak Ada;4;800; Rp1.088.750.000 ; Rp869.750.000 ;Facebook;Shopee;Sendiri
379;Owner-0344;MSME-0160;NIK-0374;BirthDate-0352;Street-0115;Village-0007;Makanan dan Minuman;Tidak Ada;5;850; Rp17.750.000 ; Rp12.000.000 ;Instagram;Shopee;Sendiri
380;Owner-0344;MSME-0160;NIK-0375;BirthDate-0353;Street-0115;Village-0007;Makanan dan Minuman;Tidak Ada;6;15000; Rp83.250.000 ; Rp163.250.000 ;Instagram;Shopee;Sendiri
381;Owner-0344;MSME-0160;NIK-0376;BirthDate-0354;Street-0115;Village-0007;Makanan dan Minuman;Tidak Ada;4;700; Rp1.110.000.000 ; Rp1.188.500.000 ;WhatsApp Business;Shopee;Sendiri
382;Owner-0344;MSME-0160;NIK-0377;BirthDate-0355;Street-0115;Village-0007;Makanan dan Minuman;Tidak Ada;5;800; Rp8.500.000 ; Rp26.500.000 ;Facebook;Shopee;Sendiri
383;Owner-0237;MSME-0061;NIK-0378;BirthDate-0356;Street-0035;Village-0003;Perdagangan;Tidak Ada;3;22000; Rp88.000.000 ; Rp50.250.000 ;WhatsApp Business;Lazada;Sendiri
384;Owner-0237;MSME-0061;NIK-0379;BirthDate-0357;Street-0123;Village-0006;Makanan dan Minuman;Tidak Ada;3;14000; Rp760.500.000 ; Rp1.111.000.000 ;WhatsApp Business;Shopee;Sewa
385;Owner-0161;MSME-0162;NIK-0380;BirthDate-0329;Street-0124;Village-0010;Perdagangan;Ada;11;8000; Rp753.500.000 ; Rp566.000.000 ;Facebook;Tidak ada;Sendiri
386;Owner-0331;MSME-0148;NIK-0381;BirthDate-0330;Street-0125;Village-0010;Industri;Ada;2;2000; Rp264.250.000 ; Rp170.750.000 ;Tidak ada;Shopee;Sendiri
387;Owner-0161;MSME-0162;NIK-0380;BirthDate-0329;Street-0124;Village-0010;Perdagangan;Ada;11;8000; Rp753.500.000 ; Rp566.000.000 ;Facebook;Tidak ada;Sendiri
388;Owner-0330;MSME-0146;NIK-0382;BirthDate-0328;Street-0125;Village-0010;Peternakan;Ada;6;165; Rp81.500.000 ; Rp15.750.000 ;WhatsApp Business;Tidak ada;Sendiri
389;Owner-0071;MSME-0145;NIK-0383;BirthDate-0191;Street-0125;Village-0010;Peternakan;Ada;4;25; Rp151.250.000 ; Rp156.500.000 ;Facebook;Tidak ada;Sendiri
390;Owner-0329;MSME-0144;NIK-0384;BirthDate-0327;Street-0125;Village-0010;Pertanian, perkebunan, dan kehutanan;Ada;5;2000; Rp324.500.000 ; Rp467.750.000 ;Facebook, TikTok;Shopee;Sendiri
391;Owner-0328;MSME-0143;NIK-0341;BirthDate-0326;Street-0125;Village-0010;Perdagangan;Ada;3;7000; Rp8.750.000 ; Rp16.000.000 ;Instagram;Shopee;Sendiri
392;Owner-0327;MSME-0004;NIK-0385;BirthDate-0325;Street-0125;Village-0010;Perdagangan;Ada;2;400; Rp153.000.000 ; Rp62.000.000 ;Facebook;Shopee;Sendiri
393;Owner-0326;MSME-0142;NIK-0386;BirthDate-0324;Street-0125;Village-0010;Perdagangan;Ada;4;455; Rp71.500.000 ; Rp50.250.000 ;Tidak ada;Lazada;Sendiri
394;Owner-0325;MSME-0142;NIK-0387;BirthDate-0323;Street-0125;Village-0010;Perdagangan;Ada;2;15500; Rp421.250.000 ; Rp959.250.000 ;TikTok;Shopee;Sewa
395;Owner-0324;MSME-0141;NIK-0388;BirthDate-0322;Street-0113;Village-0010;Jasa;Ada;4;315; Rp73.500.000 ; Rp161.750.000 ;TikTok;Tokopedia;Sewa
396;Owner-0346;MSME-0163;NIK-0389;BirthDate-0358;Street-0113;Village-0010;Jasa;Ada;5;1000; Rp1.118.500.000 ; Rp904.000.000 ;Facebook;Tidak ada;Sendiri
397;Owner-0347;MSME-0164;NIK-0390;BirthDate-0359;Street-0113;Village-0010;Jasa;Ada;2;95; Rp26.500.000 ; Rp22.750.000 ;WhatsApp Business;Tidak ada;Sendiri
398;Owner-0348;MSME-0165;NIK-0391;BirthDate-0360;Street-0113;Village-0010;Jasa;Ada;3;22; Rp164.000.000 ; Rp86.000.000 ;Facebook;Tidak ada;Sendiri
399;Owner-0349;MSME-0165;NIK-0392;BirthDate-0361;Street-0113;Village-0010;Jasa;Ada;4;65; Rp554.750.000 ; Rp1.088.500.000 ;Facebook, Instagram;Tidak ada;Sendiri
400;Owner-0350;MSME-0166;NIK-0393;BirthDate-0362;Street-0113;Village-0010;Jasa;Ada;1;215; Rp82.250.000 ; Rp24.250.000 ;Facebook;Tidak ada;Sendiri
401;Owner-0351;MSME-0167;NIK-0394;BirthDate-0363;Street-0113;Village-0010;Jasa;Ada;4;520; Rp60.500.000 ; Rp200.750.000 ;Facebook;Tidak ada;Sendiri
402;Owner-0352;MSME-0168;NIK-0395;BirthDate-0364;Street-0113;Village-0010;Jasa;Ada;10;1500; Rp728.250.000 ; Rp838.500.000 ;Instagram;Shopee;Sendiri
403;Owner-0353;MSME-0084;NIK-0396;BirthDate-0365;Street-0113;Village-0010;Jasa;Ada;3;505; Rp8.250.000 ; Rp14.250.000 ;Instagram, TikTok;Tidak ada;Sendiri
404;Owner-0354;MSME-0169;NIK-0397;BirthDate-0366;Street-0113;Village-0010;Jasa;Ada;8;2000; Rp52.500.000 ; Rp170.000.000 ;WhatsApp Business, Instagram;Shopee;Sendiri
405;Owner-0355;MSME-0163;NIK-0398;BirthDate-0367;Street-0113;Village-0010;Jasa;Ada;4;700; Rp1.120.500.000 ; Rp1.138.250.000 ;Facebook;Tidak ada;Sendiri
406;Owner-0356;MSME-0170;NIK-0399;BirthDate-0368;Street-0113;Village-0010;Jasa;Ada;3;630; Rp18.500.000 ; Rp17.250.000 ;Instagram;Tokopedia;Sewa
407;Owner-0357;MSME-0148;NIK-0400;BirthDate-0369;Street-0113;Village-0010;Industri;Ada;4;750; Rp198.750.000 ; Rp144.250.000 ;Facebook;Lazada;Sendiri
408;Owner-0358;MSME-0148;NIK-0401;BirthDate-0370;Street-0113;Village-0010;Industri;Ada;4;610; Rp872.750.000 ; Rp1.123.250.000 ;Tidak ada;Shopee;Sendiri
409;Owner-0359;MSME-0146;NIK-0402;BirthDate-0371;Street-0113;Village-0010;Peternakan;Ada;7;1600; Rp17.250.000 ; Rp13.000.000 ;Facebook;Tidak ada;Sendiri
410;Owner-0360;MSME-0146;NIK-0403;BirthDate-0372;Street-0113;Village-0010;Peternakan;Ada;2;105; Rp130.250.000 ; Rp51.000.000 ;Facebook;Tidak ada;Sendiri
411;Owner-0361;MSME-0146;NIK-0404;BirthDate-0373;Street-0113;Village-0010;Peternakan;Ada;2;110; Rp799.250.000 ; Rp851.500.000 ;Tidak ada;Tidak ada;Sendiri
412;Owner-0362;MSME-0146;NIK-0405;BirthDate-0374;Street-0113;Village-0010;Peternakan;Ada;3;3000; Rp9.000.000 ; Rp26.500.000 ;Tidak ada;Tidak ada;Sendiri
413;Owner-0363;MSME-0144;NIK-0406;BirthDate-0375;Street-0113;Village-0010;Pertanian, perkebunan, dan kehutanan;Ada;5;1750; Rp128.250.000 ; Rp157.500.000 ;Facebook;Shopee;Sendiri
414;Owner-0364;MSME-0171;NIK-0407;BirthDate-0376;Street-0113;Village-0010;Pertanian, perkebunan, dan kehutanan;Ada;3;560; Rp808.500.000 ; Rp870.000.000 ;Instagram;Shopee;Sendiri
415;Owner-0365;MSME-0172;NIK-0408;BirthDate-0377;Street-0113;Village-0010;Perdagangan;Ada;6;5000; Rp12.500.000 ; Rp8.000.000 ;Facebook;Tidak ada;Sendiri
416;Owner-0366;MSME-0173;NIK-0409;BirthDate-0378;Street-0113;Village-0010;Perdagangan;Ada;2;7000; Rp158.000.000 ; Rp88.000.000 ;Instagram, TikTok;Shopee;Sendiri
417;Owner-0367;MSME-0174;NIK-0410;BirthDate-0379;Street-0113;Village-0010;Perdagangan;Ada;2;610; Rp1.068.250.000 ; Rp1.148.000.000 ;Facebook;Shopee;Sendiri
418;Owner-0368;MSME-0143;NIK-0411;BirthDate-0380;Street-0113;Village-0010;Perdagangan;Ada;3;150; Rp15.750.000 ; Rp30.000.000 ;Tidak ada;Tidak ada;Sewa
419;Owner-0369;MSME-0143;NIK-0412;BirthDate-0381;Street-0113;Village-0010;Perdagangan;Ada;3;150; Rp61.250.000 ; Rp196.750.000 ;Tidak ada;Tidak ada;Sewa
420;Owner-0370;MSME-0004;NIK-0413;BirthDate-0382;Street-0113;Village-0010;Perdagangan;Ada;3;5000; Rp1.128.000.000 ; Rp689.500.000 ;WhatsApp Business;Tokopedia;Sendiri
421;Owner-0371;MSME-0004;NIK-0414;BirthDate-0383;Street-0113;Village-0010;Perdagangan;Ada;6;230; Rp10.000.000 ; Rp29.000.000 ;WhatsApp Business;Tokopedia;Sendiri
422;Owner-0372;MSME-0004;NIK-0415;BirthDate-0384;Street-0113;Village-0010;Perdagangan;Ada;1;160; Rp101.250.000 ; Rp193.000.000 ;Tidak ada;Tidak ada;Sewa
423;Owner-0373;MSME-0004;NIK-0416;BirthDate-0385;Street-0113;Village-0010;Perdagangan;Ada;2;4000; Rp887.000.000 ; Rp320.000.000 ;Facebook;Shopee;Sendiri
424;Owner-0374;MSME-0175;NIK-0417;BirthDate-0386;Street-0113;Village-0010;Perdagangan;Ada;3;5800; Rp12.250.000 ; Rp30.750.000 ;WhatsApp Business;Lazada;Sendiri
425;Owner-0375;MSME-0086;NIK-0418;BirthDate-0387;Street-0113;Village-0010;Perdagangan;Ada;3;690; Rp63.750.000 ; Rp179.250.000 ;Facebook;Tokopedia;Sendiri
426;Owner-0376;MSME-0176;NIK-0419;BirthDate-0388;Street-0113;Village-0010;Perdagangan;Ada;3;175; Rp683.250.000 ; Rp392.500.000 ;TikTok;Shopee;Sewa
427;Owner-0377;MSME-0177;NIK-0420;BirthDate-0389;Street-0113;Village-0010;Perdagangan;Ada;2;2000; Rp27.250.000 ; Rp11.000.000 ;Facebook;Shopee;Sewa
428;Owner-0378;MSME-0178;NIK-0421;BirthDate-0390;Street-0113;Village-0010;Perdagangan;Ada;3;2500; Rp147.250.000 ; Rp112.000.000 ;TikTok;Shopee;Sendiri
429;Owner-0379;MSME-0179;NIK-0422;BirthDate-0391;Street-0113;Village-0010;Perdagangan;Ada;4;8000; Rp722.750.000 ; Rp1.063.250.000 ;Facebook;Tokopedia;Sendiri
430;Owner-0380;MSME-0180;NIK-0423;BirthDate-0392;Street-0113;Village-0010;Perdagangan;Ada;10;30000; Rp23.750.000 ; Rp17.500.000 ;TikTok;Lazada;Sendiri
431;Owner-0381;MSME-0181;NIK-0424;BirthDate-0393;Street-0113;Village-0010;Perdagangan;Ada;3;5000; Rp50.250.000 ; Rp192.250.000 ;Facebook;Shopee;Sendiri
432;Owner-0382;MSME-0181;NIK-0425;BirthDate-0394;Street-0113;Village-0010;Perdagangan;Ada;1;500; Rp1.108.750.000 ; Rp857.750.000 ;Tidak ada;Tidak ada;Sendiri
433;Owner-0383;MSME-0181;NIK-0426;BirthDate-0395;Street-0113;Village-0010;Perdagangan;Ada;2;8000; Rp7.750.000 ; Rp16.750.000 ;Tidak ada;Tidak ada;Sendiri
434;Owner-0384;MSME-0182;NIK-0427;BirthDate-0396;Street-0113;Village-0010;Perdagangan;Ada;4;3000; Rp152.500.000 ; Rp59.750.000 ;Facebook, TikTok;Shopee;Sendiri
435;Owner-0385;MSME-0182;NIK-0428;BirthDate-0370;Street-0113;Village-0010;Perdagangan;Ada;3;1500; Rp1.160.000.000 ; Rp629.000.000 ;Tidak ada;Tokopedia;Sewa
436;Owner-0386;MSME-0182;NIK-0429;BirthDate-0397;Street-0113;Village-0010;Perdagangan;Ada;2;140; Rp7.750.000 ; Rp5.500.000 ;Tidak ada;Lazada;Sewa
437;Owner-0387;MSME-0183;NIK-0430;BirthDate-0398;Street-0113;Village-0010;Perdagangan;Ada;2;4000; Rp55.500.000 ; Rp81.500.000 ;WhatsApp Business;Shopee;Sewa
438;Owner-0388;MSME-0143;NIK-0431;BirthDate-0399;Street-0113;Village-0010;Perdagangan;Ada;5;2000; Rp1.104.500.000 ; Rp1.084.250.000 ;Facebook;Shopee;Sendiri
439;Owner-0389;MSME-0086;NIK-0432;BirthDate-0400;Street-0113;Village-0010;Perdagangan;Ada;2;2300; Rp19.000.000 ; Rp15.750.000 ;Facebook;Tokopedia;Sewa
440;Owner-0390;MSME-0143;NIK-0433;BirthDate-0401;Street-0113;Village-0010;Perdagangan;Ada;3;2500; Rp135.250.000 ; Rp110.500.000 ;Facebook;Shopee;Sendiri
441;Owner-0391;MSME-0184;NIK-0434;BirthDate-0101;Street-0126;Village-0014;Perdagangan;Ada;4;1150; Rp939.000.000 ; Rp1.001.750.000 ;Facebook, TikTok;Lazada;Sewa
442;Owner-0392;MSME-0185;NIK-0435;BirthDate-0402;Street-0126;Village-0014;Perdagangan;Ada;3;1150; Rp9.000.000 ; Rp28.750.000 ;WhatsApp Business, Facebook;Shopee;Sendiri
443;Owner-0393;MSME-0185;NIK-0436;BirthDate-0403;Street-0126;Village-0014;Perdagangan;Ada;4;1220; Rp68.750.000 ; Rp59.750.000 ;Facebook;Shopee;Sendiri
444;Owner-0394;MSME-0186;NIK-0437;BirthDate-0404;Street-0127;Village-0009;Perdagangan;Ada;2;5000; Rp1.021.750.000 ; Rp378.500.000 ;Instagram, TikTok;Shopee, Tokopedia;Sendiri
445;Owner-0395;MSME-0187;NIK-0438;BirthDate-0405;Street-0127;Village-0009;Perdagangan;Ada;1;500; Rp5.250.000 ; Rp22.250.000 ;TikTok;Shopee;Sendiri
446;Owner-0396;MSME-0082;NIK-0439;BirthDate-0406;Street-0127;Village-0009;Perdagangan;Ada;6;875; Rp146.000.000 ; Rp84.500.000 ;Facebook;Tidak ada;Sendiri
447;Owner-0397;MSME-0143;NIK-0440;BirthDate-0407;Street-0128;Village-0007;Perdagangan;Ada;2;5000; Rp392.500.000 ; Rp1.018.750.000 ;Tidak ada;Tokopedia;Sendiri
448;Owner-0398;MSME-0176;NIK-0441;BirthDate-0408;Street-0128;Village-0007;Perdagangan;Ada;5;1500; Rp14.750.000 ; Rp17.750.000 ;TikTok;Lazada;Sendiri
449;Owner-0399;MSME-0188;NIK-0442;BirthDate-0409;Street-0128;Village-0007;Perdagangan;Ada;2;610; Rp87.750.000 ; Rp107.750.000 ;Facebook;Tidak ada;Sendiri
450;Owner-0400;MSME-0189;NIK-0443;BirthDate-0410;Street-0129;Village-0005;Perdagangan;Ada;2;1500; Rp1.069.250.000 ; Rp528.250.000 ;Facebook;Shopee;Sendiri
451;Owner-0401;MSME-0190;NIK-0444;BirthDate-0411;Street-0130;Village-0003;Jasa;Ada;2;215; Rp6.750.000 ; Rp17.250.000 ;Instagram;Tidak ada;Sendiri
452;Owner-0402;MSME-0191;NIK-0445;BirthDate-0412;Street-0130;Village-0003;Jasa;Ada;4;1140; Rp87.250.000 ; Rp166.250.000 ;Instagram, TikTok;Shopee;Sendiri
453;Owner-0403;MSME-0192;NIK-0446;BirthDate-0413;Street-0130;Village-0003;Jasa;Ada;1;3000; Rp830.000.000 ; Rp892.750.000 ;Instagram;Tidak ada;Sendiri
454;Owner-0404;MSME-0168;NIK-0447;BirthDate-0414;Street-0130;Village-0003;Jasa;Ada;3;2500; Rp21.000.000 ; Rp13.500.000 ;Facebook;Tokopedia;Sendiri
455;Owner-0405;MSME-0193;NIK-0448;BirthDate-0415;Street-0130;Village-0003;Jasa;Ada;9;2300; Rp192.750.000 ; Rp107.250.000 ;Facebook, TikTok;Shopee, Tokopedia;Sendiri
456;Owner-0406;MSME-0194;NIK-0449;BirthDate-0416;Street-0130;Village-0003;Jasa;Ada;4;7000; Rp1.150.750.000 ; Rp445.250.000 ;WhatsApp Business;Tidak ada;Sendiri
457;Owner-0407;MSME-0195;NIK-0450;BirthDate-0417;Street-0130;Village-0003;Jasa;Ada;2;525; Rp25.750.000 ; Rp9.000.000 ;Facebook;Tidak ada;Sendiri
458;Owner-0408;MSME-0196;NIK-0451;BirthDate-0418;Street-0130;Village-0003;Perdagangan;Ada;6;3000; Rp54.750.000 ; Rp147.750.000 ;TikTok;Tokopedia;Sendiri
459;Owner-0409;MSME-0197;NIK-0452;BirthDate-0419;Street-0130;Village-0003;Perdagangan;Ada;5;45; Rp1.092.500.000 ; Rp970.500.000 ;Facebook, TikTok;Shopee;Sendiri
460;Owner-0410;MSME-0086;NIK-0453;BirthDate-0420;Street-0130;Village-0003;Perdagangan;Ada;2;15000; Rp20.750.000 ; Rp14.750.000 ;TikTok;Shopee;Sendiri
461;Owner-0198;MSME-0004;NIK-0454;BirthDate-0421;Street-0130;Village-0003;Perdagangan;Ada;1;500; Rp167.000.000 ; Rp129.750.000 ;Tidak ada;Tidak ada;Sendiri
462;Owner-0005;MSME-0004;NIK-0455;BirthDate-0422;Street-0130;Village-0003;Perdagangan;Ada;2;600; Rp643.000.000 ; Rp852.000.000 ;Facebook;Tokopedia;Sendiri
463;Owner-0411;MSME-0004;NIK-0456;BirthDate-0423;Street-0130;Village-0003;Perdagangan;Ada;2;600; Rp6.000.000 ; Rp9.000.000 ;Facebook;Tokopedia;Sendiri
464;Owner-0412;MSME-0004;NIK-0457;BirthDate-0424;Street-0130;Village-0003;Perdagangan;Ada;2;8000; Rp83.500.000 ; Rp120.250.000 ;WhatsApp Business;Shopee;Sendiri
465;Owner-0413;MSME-0198;NIK-0458;BirthDate-0425;Street-0131;Village-0007;Jasa;Ada;3;1300; Rp1.146.000.000 ; Rp326.750.000 ;Instagram;Tidak ada;Sendiri
466;Owner-0414;MSME-0199;NIK-0459;BirthDate-0426;Street-0131;Village-0007;Jasa;Ada;2;115; Rp12.500.000 ; Rp14.750.000 ;Facebook;Tidak ada;Sendiri
467;Owner-0415;MSME-0146;NIK-0460;BirthDate-0427;Street-0131;Village-0007;Peternakan;Ada;3;175; Rp152.000.000 ; Rp124.500.000 ;Facebook;Tidak ada;Sendiri
468;Owner-0416;MSME-0195;NIK-0461;BirthDate-0428;Street-0132;Village-0006;Jasa;Ada;2;225; Rp621.500.000 ; Rp443.250.000 ;Facebook;Tidak ada;Sendiri
469;Owner-0417;MSME-0004;NIK-0462;BirthDate-0429;Street-0132;Village-0006;Perdagangan;Ada;2;500; Rp11.500.000 ; Rp27.250.000 ;Facebook;Tokopedia;Sendiri
470;Owner-0418;MSME-0004;NIK-0463;BirthDate-0430;Street-0132;Village-0006;Perdagangan;Ada;1;500; Rp130.000.000 ; Rp96.250.000 ;Tidak ada;Tidak ada;Sendiri
471;Owner-0419;MSME-0200;NIK-0464;BirthDate-0431;Street-0132;Village-0006;Perdagangan;Ada;3;850; Rp1.198.750.000 ; Rp312.750.000 ;WhatsApp Business, Facebook;Tidak ada;Sendiri
472;Owner-0420;MSME-0201;NIK-0465;BirthDate-0432;Street-0132;Village-0006;Perdagangan;Ada;10;3150; Rp11.000.000 ; Rp10.000.000 ;Facebook, Tiktok;Shopee;Sendiri
473;Owner-0421;MSME-0004;NIK-0466;BirthDate-0433;Street-0132;Village-0006;Perdagangan;Ada;1;3000; Rp102.250.000 ; Rp98.500.000 ;Tidak ada;Tidak ada;Sewa
474;Owner-0422;MSME-0004;NIK-0467;BirthDate-0434;Street-0132;Village-0006;Perdagangan;Ada;5;7000; Rp715.750.000 ; Rp802.750.000 ;WhatsApp Business;Shopee;Sendiri
475;Owner-0423;MSME-0004;NIK-0468;BirthDate-0435;Street-0132;Village-0006;Perdagangan;Ada;8;2500; Rp26.500.000 ; Rp23.750.000 ;Tidak ada;Tidak ada;Sendiri
476;Owner-0424;MSME-0004;NIK-0469;BirthDate-0436;Street-0132;Village-0006;Perdagangan;Ada;6;910; Rp193.250.000 ; Rp124.250.000 ;Facebook;Shopee;Sendiri
477;Owner-0425;MSME-0202;NIK-0470;BirthDate-0437;Street-0133;Village-0007;Perdagangan;Ada;4;240; Rp905.750.000 ; Rp638.750.000 ;Instagram, Facebook, TikTok;Shopee;Sendiri
478;Owner-0426;MSME-0004;NIK-0471;BirthDate-0438;Street-0134;Village-0007;Perdagangan;Ada;2;9500; Rp30.750.000 ; Rp12.250.000 ;Facebook;Tokopedia;Sendiri
479;Owner-0427;MSME-0004;NIK-0472;BirthDate-0439;Street-0135;Village-0015;Perdagangan;Ada;2;1000; Rp166.250.000 ; Rp138.000.000 ;Facebook;Shopee;Sendiri
480;Owner-0428;MSME-0203;NIK-0473;BirthDate-0440;Street-0136;Village-0011;Perdagangan;Ada;4;2000; Rp553.000.000 ; Rp355.750.000 ;TikTok;Tokopedia;Sendiri
481;Owner-0126;MSME-0204;NIK-0474;BirthDate-0390;Street-0136;Village-0011;Perdagangan;Ada;2;20000; Rp25.500.000 ; Rp9.250.000 ;TikTok;Shopee;Sewa
482;Owner-0429;MSME-0061;NIK-0475;BirthDate-0441;Street-0136;Village-0011;Perdagangan;Ada;2;2500; Rp163.250.000 ; Rp68.500.000 ;Facebook;Tokopedia;Sendiri
483;Owner-0430;MSME-0146;NIK-0476;BirthDate-0442;Street-0137;Village-0016;Peternakan;Ada;4;1000; Rp517.000.000 ; Rp776.250.000 ;WhatsApp Business;Tidak ada;Sendiri
484;Owner-0431;MSME-0205;NIK-0477;BirthDate-0443;Street-0137;Village-0016;Perikanan;Ada;5;8000; Rp28.500.000 ; Rp29.500.000 ;Facebook;Tidak ada;Sendiri
485;Owner-0432;MSME-0199;NIK-0478;BirthDate-0444;Street-0138;Village-0015;Jasa;Ada;4;15000; Rp163.250.000 ; Rp144.500.000 ;Facebook;Tidak ada;Sendiri
486;Owner-0433;MSME-0144;NIK-0479;BirthDate-0393;Street-0138;Village-0015;Pertanian, perkebunan, dan kehutanan;Ada;3;655; Rp1.091.000.000 ; Rp794.500.000 ;Instagram, TikTok;Tokopedia;Sendiri
487;Owner-0434;MSME-0206;NIK-0480;BirthDate-0445;Street-0138;Village-0015;Perdagangan;Ada;2;205; Rp13.750.000 ; Rp15.250.000 ;Facebook, TikTok;Shopee, Tokopedia;Sendiri
488;Owner-0435;MSME-0004;NIK-0481;BirthDate-0446;Street-0139;Village-0007;Perdagangan;Ada;5;2500; Rp101.750.000 ; Rp78.750.000 ;WhatsApp Business;Lazada;Sendiri
489;Owner-0350;MSME-0207;NIK-0482;BirthDate-0447;Street-0140;Village-0009;Jasa;Ada;4;480; Rp671.750.000 ; Rp453.000.000 ;TikTok;Tokopedia;Sendiri
490;Owner-0436;MSME-0004;NIK-0483;BirthDate-0448;Street-0140;Village-0009;Perdagangan;Ada;2;1000; Rp25.750.000 ; Rp17.500.000 ;Facebook;Tokopedia;Sendiri
491;Owner-0437;MSME-0193;NIK-0484;BirthDate-0449;Street-0141;Village-0007;Jasa;Ada;5;255; Rp156.500.000 ; Rp198.500.000 ;Instagram, TikTok;Lazada, Tokopedia;Sendiri
492;Owner-0438;MSME-0208;NIK-0485;BirthDate-0450;Street-0141;Village-0007;Perdagangan;Ada;9;5000; Rp643.250.000 ; Rp381.750.000 ;Facebook;Tidak ada;Sendiri
493;Owner-0439;MSME-0004;NIK-0486;BirthDate-0451;Street-0141;Village-0007;Perdagangan;Ada;1;500; Rp26.250.000 ; Rp23.500.000 ;Tidak ada;Tidak ada;Sewa
494;Owner-0440;MSME-0004;NIK-0487;BirthDate-0452;Street-0141;Village-0007;Perdagangan;Ada;5;4000; Rp63.000.000 ; Rp73.000.000 ;Tidak ada;Tidak ada;Sendiri
495;Owner-0208;MSME-0004;NIK-0488;BirthDate-0453;Street-0141;Village-0007;Perdagangan;Ada;4;7000; Rp743.500.000 ; Rp755.000.000 ;Tidak ada;Tidak ada;Sendiri
496;Owner-0441;MSME-0209;NIK-0489;BirthDate-0454;Street-0142;Village-0005;Perdagangan;Ada;2;1500; Rp28.000.000 ; Rp6.500.000 ;Facebook;Shopee;Sewa
497;Owner-0442;MSME-0004;NIK-0490;BirthDate-0455;Street-0142;Village-0005;Perdagangan;Ada;5;2000; Rp82.250.000 ; Rp56.250.000 ;Facebook;Tokopedia;Sendiri
498;Owner-0443;MSME-0169;NIK-0491;BirthDate-0456;Street-0143;Village-0001;Jasa;Ada;5;5550; Rp985.250.000 ; Rp316.750.000 ;Instagram, TikTok;Shopee;Sendiri
499;Owner-0444;MSME-0210;NIK-0492;BirthDate-0457;Street-0144;Village-0003;Jasa;Ada;8;1950; Rp9.000.000 ; Rp28.750.000 ;Facebook;Tidak ada;Sendiri
500;Owner-0445;MSME-0170;NIK-0493;BirthDate-0458;Street-0144;Village-0003;Jasa;Ada;4;775; Rp99.000.000 ; Rp129.000.000 ;WhatsApp Business;Tidak ada;Sendiri
501;Owner-0446;MSME-0211;NIK-0494;BirthDate-0459;Street-0144;Village-0003;Perdagangan;Ada;6;105; Rp458.500.000 ; Rp1.092.000.000 ;Instagram;Shopee;Sendiri
502;Owner-0447;MSME-0212;NIK-0495;BirthDate-0460;Street-0144;Village-0003;Perdagangan;Ada;5;750; Rp27.250.000 ; Rp5.000.000 ;Facebook;Tidak ada;Sendiri
503;Owner-0448;MSME-0213;NIK-0496;BirthDate-0461;Street-0144;Village-0003;Makanan dan Minuman;Ada;2;75000; Rp159.250.000 ; Rp198.000.000 ;Facebook, TikTok;Shopee;Sendiri
504;Owner-0449;MSME-0214;NIK-0497;BirthDate-0462;Street-0144;Village-0003;Makanan dan Minuman;Ada;4;1100; Rp1.183.250.000 ; Rp808.000.000 ;TikTok;Shopee;Sendiri
505;Owner-0450;MSME-0215;NIK-0498;BirthDate-0463;Street-0144;Village-0003;Makanan dan Minuman;Ada;8;2810; Rp14.250.000 ; Rp16.000.000 ;Instagram;Shopee;Sendiri
506;Owner-0451;MSME-0216;NIK-0499;BirthDate-0464;Street-0144;Village-0003;Makanan dan Minuman;Ada;2;120; Rp57.750.000 ; Rp129.750.000 ;Instagram;Tokopedia;Sendiri
507;Owner-0452;MSME-0001;NIK-0500;BirthDate-0465;Street-0144;Village-0003;Makanan dan Minuman;Ada;8;1250; Rp596.250.000 ; Rp481.500.000 ;WhatsApp Business;Shopee;Sendiri
508;Owner-0453;MSME-0001;NIK-0501;BirthDate-0466;Street-0144;Village-0003;Makanan dan Minuman;Ada;8;1000; Rp22.750.000 ; Rp30.000.000 ;Instagram;Shopee;Sendiri
509;Owner-0454;MSME-0001;NIK-0502;BirthDate-0467;Street-0144;Village-0003;Makanan dan Minuman;Ada;12;5400; Rp76.250.000 ; Rp86.500.000 ;TikTok;Shopee;Sendiri
510;Owner-0455;MSME-0001;NIK-0503;BirthDate-0468;Street-0144;Village-0003;Makanan dan Minuman;Ada;10;4500; Rp801.750.000 ; Rp717.250.000 ;Facebook, TikTok;Shopee;Sendiri
511;Owner-0453;MSME-0001;NIK-0504;BirthDate-0466;Street-0144;Village-0003;Makanan dan Minuman;Ada;10;5500; Rp22.750.000 ; Rp30.000.000 ;WhatsApp Business, Instagram;Shopee;Sendiri
512;Owner-0456;MSME-0012;NIK-0505;BirthDate-0469;Street-0144;Village-0003;Makanan dan Minuman;Ada;5;4050; Rp160.500.000 ; Rp72.000.000 ;Tidak ada;Tidak ada;Sendiri
513;Owner-0457;MSME-0078;NIK-0506;BirthDate-0470;Street-0144;Village-0003;Makanan dan Minuman;Ada;2;1000; Rp529.750.000 ; Rp704.750.000 ;TikTok;Tidak ada;Sendiri
514;Owner-0458;MSME-0005;NIK-0507;BirthDate-0471;Street-0144;Village-0003;Makanan dan Minuman;Ada;6;1700; Rp14.000.000 ; Rp27.250.000 ;Facebook;Shopee;Sendiri
515;Owner-0459;MSME-0017;NIK-0508;BirthDate-0472;Street-0144;Village-0003;Makanan dan Minuman;Ada;5;960; Rp121.000.000 ; Rp148.500.000 ;TikTok;Shopee;Sendiri
516;Owner-0460;MSME-0217;NIK-0509;BirthDate-0473;Street-0144;Village-0003;Makanan dan Minuman;Ada;7;1700; Rp882.000.000 ; Rp567.250.000 ;Instagram, TikTok;Shopee;Sendiri
517;Owner-0461;MSME-0218;NIK-0510;BirthDate-0474;Street-0144;Village-0003;Makanan dan Minuman;Ada;3;2500; Rp12.250.000 ; Rp8.000.000 ;Facebook;Shopee;Sendiri
518;Owner-0462;MSME-0219;NIK-0511;BirthDate-0475;Street-0144;Village-0003;Makanan dan Minuman;Ada;3;760; Rp115.000.000 ; Rp173.750.000 ;Facebook, TikTok;Tokopedia;Sendiri
519;Owner-0463;MSME-0213;NIK-0512;BirthDate-0476;Street-0144;Village-0003;Makanan dan Minuman;Ada;4;1000; Rp961.250.000 ; Rp419.250.000 ;TikTok;Shopee;Sendiri
520;Owner-0464;MSME-0220;NIK-0513;BirthDate-0477;Street-0145;Village-0006;Jasa;Ada;3;450; Rp9.000.000 ; Rp11.500.000 ;Facebook;Tidak ada;Sendiri
521;Owner-0465;MSME-0221;NIK-0514;BirthDate-0478;Street-0145;Village-0006;Perdagangan;Ada;2;1100; Rp177.000.000 ; Rp92.750.000 ;Instagram;Tidak ada;Sendiri
522;Owner-0466;MSME-0143;NIK-0515;BirthDate-0479;Street-0145;Village-0006;Perdagangan;Ada;5;25000; Rp925.000.000 ; Rp852.500.000 ;Facebook;Shopee;Sendiri
523;Owner-0467;MSME-0213;NIK-0516;BirthDate-0480;Street-0145;Village-0006;Makanan dan Minuman;Ada;2;900; Rp16.000.000 ; Rp20.000.000 ;Facebook;Tidak ada;Sendiri
524;Owner-0468;MSME-0001;NIK-0517;BirthDate-0481;Street-0145;Village-0006;Makanan dan Minuman;Ada;6;2000; Rp79.750.000 ; Rp162.500.000 ;TikTok;Shopee;Sendiri
525;Owner-0469;MSME-0222;NIK-0518;BirthDate-0482;Street-0145;Village-0006;Makanan dan Minuman;Ada;8;1660; Rp1.014.250.000 ; Rp818.500.000 ;Facebook, TikTok;Shopee, Lazada;Sendiri
526;Owner-0470;MSME-0005;NIK-0519;BirthDate-0483;Street-0145;Village-0006;Makanan dan Minuman;Ada;6;5000; Rp24.500.000 ; Rp6.250.000 ;Facebook, TikTok;Shopee;Sendiri
527;Owner-0471;MSME-0010;NIK-0520;BirthDate-0484;Street-0145;Village-0006;Makanan dan Minuman;Ada;2;885; Rp73.250.000 ; Rp69.500.000 ;TikTok;Shopee;Sendiri
528;Owner-0472;MSME-0223;NIK-0521;BirthDate-0485;Street-0146;Village-0009;Industri;Ada;2;5000; Rp770.250.000 ; Rp512.000.000 ;Instagram;Shopee;Sendiri
529;Owner-0473;MSME-0098;NIK-0522;BirthDate-0486;Street-0146;Village-0009;Perdagangan;Ada;6;4000; Rp23.250.000 ; Rp6.750.000 ;TikTok;Tokopedia;Sendiri
530;Owner-0474;MSME-0143;NIK-0523;BirthDate-0487;Street-0146;Village-0009;Perdagangan;Ada;10;75000; Rp72.500.000 ; Rp101.500.000 ;Instagram;Tokopedia;Sendiri
531;Owner-0475;MSME-0224;NIK-0524;BirthDate-0488;Street-0146;Village-0009;Perdagangan;Ada;4;30000; Rp443.250.000 ; Rp1.089.250.000 ;Facebook;Tidak ada;Sendiri
532;Owner-0473;MSME-0225;NIK-0525;BirthDate-0486;Street-0146;Village-0009;Makanan dan Minuman;Ada;3;1755; Rp10.000.000 ; Rp28.000.000 ;Facebook;Shopee;Sewa
533;Owner-0476;MSME-0064;NIK-0526;BirthDate-0489;Street-0146;Village-0009;Makanan dan Minuman;Ada;6;1255; Rp70.500.000 ; Rp98.250.000 ;Instagram, TikTok;Shopee;Sendiri
534;Owner-0477;MSME-0064;NIK-0527;BirthDate-0490;Street-0146;Village-0009;Makanan dan Minuman;Ada;4;750; Rp631.500.000 ; Rp1.040.000.000 ;Instagram;Shopee;Sendiri
535;Owner-0478;MSME-0064;NIK-0528;BirthDate-0491;Street-0146;Village-0009;Makanan dan Minuman;Ada;3;750; Rp16.500.000 ; Rp26.750.000 ;Instagram;Shopee;Sendiri
536;Owner-0479;MSME-0003;NIK-0529;BirthDate-0474;Street-0146;Village-0009;Makanan dan Minuman;Ada;8;4500; Rp110.000.000 ; Rp146.750.000 ;Facebook, TikTok;Shopee;Sewa
537;Owner-0480;MSME-0001;NIK-0530;BirthDate-0492;Street-0146;Village-0009;Makanan dan Minuman;Ada;4;2850; Rp405.250.000 ; Rp512.500.000 ;Facebook;Shopee;Sendiri
538;Owner-0481;MSME-0001;NIK-0531;BirthDate-0493;Street-0146;Village-0009;Makanan dan Minuman;Ada;5;4000; Rp7.750.000 ; Rp23.000.000 ;Facebook, TikTok;Shopee;Sendiri
539;Owner-0482;MSME-0032;NIK-0532;BirthDate-0494;Street-0146;Village-0009;Makanan dan Minuman;Ada;5;5000; Rp114.000.000 ; Rp138.000.000 ;TikTok;Tokopedia;Sendiri
540;Owner-0483;MSME-0226;NIK-0533;BirthDate-0495;Street-0146;Village-0009;Makanan dan Minuman;Ada;4;1080; Rp1.184.750.000 ; Rp655.750.000 ;Instagram, TikTok;Shopee, Tokopedia;Sendiri
541;Owner-0484;MSME-0001;NIK-0534;BirthDate-0496;Street-0146;Village-0009;Makanan dan Minuman;Ada;6;1050; Rp17.500.000 ; Rp13.500.000 ;TikTok;Shopee;Sendiri
542;Owner-0485;MSME-0223;NIK-0535;BirthDate-0497;Street-0146;Village-0009;Makanan dan Minuman;Ada;11;50000; Rp80.250.000 ; Rp73.000.000 ;Instagram, TikTok;Shopee;Sendiri
543;Owner-0486;MSME-0227;NIK-0536;BirthDate-0498;Street-0147;Village-0007;Perdagangan;Ada;4;1000; Rp528.250.000 ; Rp768.750.000 ;Instagram, TikTok;Shopee;Sendiri
544;Owner-0487;MSME-0228;NIK-0537;BirthDate-0499;Street-0147;Village-0007;Perdagangan;Ada;7;10000; Rp20.500.000 ; Rp25.500.000 ;Instagram;Tokopedia;Sendiri
545;Owner-0488;MSME-0229;NIK-0538;BirthDate-0500;Street-0147;Village-0007;Perdagangan;Ada;7;680; Rp135.000.000 ; Rp115.500.000 ;Instagram;Tokopedia;Sendiri
546;Owner-0489;MSME-0230;NIK-0539;BirthDate-0501;Street-0147;Village-0007;Makanan dan Minuman;Ada;5;1550; Rp1.143.250.000 ; Rp430.000.000 ;TikTok;Shopee;Sendiri
547;Owner-0490;MSME-0231;NIK-0540;BirthDate-0502;Street-0147;Village-0007;Makanan dan Minuman;Ada;8;2000; Rp13.750.000 ; Rp18.000.000 ;WhatsApp Business, Instagram;Shopee;Sendiri
548;Owner-0258;MSME-0170;NIK-0541;BirthDate-0258;Street-0147;Village-0007;Jasa;Ada;1;150; Rp163.500.000 ; Rp181.750.000 ;WhatsApp Business;Tidak ada;Sendiri
549;Owner-0491;MSME-0170;NIK-0542;BirthDate-0503;Street-0147;Village-0007;Jasa;Ada;2;515; Rp638.500.000 ; Rp863.250.000 ;WhatsApp Business;Lazada;Sendiri
550;Owner-0492;MSME-0232;NIK-0543;BirthDate-0504;Street-0147;Village-0007;Perdagangan;Ada;15;6250; Rp19.750.000 ; Rp5.000.000 ;Instagram, TikTok;Shopee;Sendiri
551;Owner-0493;MSME-0233;NIK-0544;BirthDate-0505;Street-0147;Village-0007;Makanan dan Minuman;Ada;2;215; Rp161.500.000 ; Rp88.250.000 ;Facebook;Shopee;Sewa
552;Owner-0494;MSME-0041;NIK-0545;BirthDate-0506;Street-0147;Village-0007;Makanan dan Minuman;Ada;3;720; Rp783.000.000 ; Rp310.500.000 ;TikTok;Shopee;Sendiri
553;Owner-0495;MSME-0234;NIK-0546;BirthDate-0507;Street-0147;Village-0007;Makanan dan Minuman;Ada;2;3000; Rp28.750.000 ; Rp26.500.000 ;Tidak ada;Tidak ada;Sendiri
554;Owner-0496;MSME-0235;NIK-0547;BirthDate-0508;Street-0147;Village-0007;Makanan dan Minuman;Ada;3;1500; Rp115.000.000 ; Rp148.250.000 ;Tidak ada;Tidak ada;Sendiri
555;Owner-0497;MSME-0236;NIK-0548;BirthDate-0509;Street-0147;Village-0007;Makanan dan Minuman;Ada;5;1610; Rp929.000.000 ; Rp1.052.250.000 ;Instagram, Facebook;Shopee;Sendiri
556;Owner-0498;MSME-0237;NIK-0549;BirthDate-0510;Street-0147;Village-0007;Makanan dan Minuman;Ada;3;5000; Rp7.000.000 ; Rp12.000.000 ;TikTok;Tidak ada;Sewa
557;Owner-0499;MSME-0238;NIK-0550;BirthDate-0511;Street-0147;Village-0007;Makanan dan Minuman;Ada;3;310; Rp95.000.000 ; Rp190.750.000 ;Instagram;Tokopedia;Sendiri
558;Owner-0500;MSME-0239;NIK-0551;BirthDate-0512;Street-0147;Village-0007;Makanan dan Minuman;Ada;3;580; Rp529.000.000 ; Rp428.000.000 ;TikTok;Shopee;Sendiri
559;Owner-0501;MSME-0240;NIK-0552;BirthDate-0399;Street-0147;Village-0007;Makanan dan Minuman;Ada;15;4200; Rp13.000.000 ; Rp8.250.000 ;Instagram, TikTok;Shopee;Sendiri
560;Owner-0502;MSME-0241;NIK-0553;BirthDate-0513;Street-0147;Village-0007;Makanan dan Minuman;Ada;13;2820; Rp150.250.000 ; Rp166.750.000 ;TikTok;Shopee;Sendiri
561;Owner-0503;MSME-0001;NIK-0554;BirthDate-0514;Street-0147;Village-0007;Makanan dan Minuman;Ada;6;1500; Rp479.750.000 ; Rp880.500.000 ;Instagram;Shopee;Sendiri
562;Owner-0504;MSME-0012;NIK-0555;BirthDate-0515;Street-0147;Village-0007;Makanan dan Minuman;Ada;4;1750; Rp13.250.000 ; Rp26.750.000 ;Facebook;Shopee;Sendiri
563;Owner-0505;MSME-0242;NIK-0556;BirthDate-0516;Street-0147;Village-0007;Makanan dan Minuman;Ada;3;335; Rp188.000.000 ; Rp194.750.000 ;Tidak ada;Tidak ada;Sendiri
564;Owner-0506;MSME-0017;NIK-0557;BirthDate-0517;Street-0147;Village-0007;Makanan dan Minuman;Ada;7;5000; Rp939.250.000 ; Rp962.750.000 ;TikTok;Shopee;Sewa
565;Owner-0507;MSME-0243;NIK-0558;BirthDate-0518;Street-0147;Village-0007;Makanan dan Minuman;Ada;4;1100; Rp30.000.000 ; Rp5.750.000 ;Instagram, TikTok;Shopee;Sendiri
566;Owner-0508;MSME-0244;NIK-0559;BirthDate-0519;Street-0147;Village-0007;Makanan dan Minuman;Ada;3;750; Rp71.500.000 ; Rp168.000.000 ;Instagram, TikTok;Shopee;Sendiri
567;Owner-0509;MSME-0001;NIK-0560;BirthDate-0520;Street-0147;Village-0007;Makanan dan Minuman;Ada;10;3610; Rp518.000.000 ; Rp843.750.000 ;Facebook;Shopee;Sendiri
568;Owner-0510;MSME-0245;NIK-0561;BirthDate-0521;Street-0147;Village-0007;Makanan dan Minuman;Ada;2;700; Rp26.000.000 ; Rp10.750.000 ;TikTok;Shopee;Sendiri
569;Owner-0511;MSME-0246;NIK-0562;BirthDate-0522;Street-0147;Village-0007;Makanan dan Minuman;Ada;4;1200; Rp197.500.000 ; Rp85.500.000 ;Facebook;Tidak ada;Sewa
570;Owner-0512;MSME-0247;NIK-0563;BirthDate-0523;Street-0147;Village-0007;Makanan dan Minuman;Ada;6;2850; Rp989.500.000 ; Rp862.500.000 ;Instagram;Shopee;Sendiri
571;Owner-0513;MSME-0248;NIK-0564;BirthDate-0524;Street-0147;Village-0007;Makanan dan Minuman;Ada;3;850; Rp13.250.000 ; Rp11.250.000 ;Instagram;Tokopedia;Sendiri
572;Owner-0514;MSME-0249;NIK-0565;BirthDate-0525;Street-0148;Village-0005;Makanan dan Minuman;Ada;2;5000; Rp67.250.000 ; Rp59.750.000 ;TikTok;Shopee;Sendiri
573;Owner-0515;MSME-0250;NIK-0566;BirthDate-0526;Street-0148;Village-0005;Jasa;Ada;1;550; Rp372.500.000 ; Rp558.500.000 ;Instagram;Tidak ada;Sewa
574;Owner-0516;MSME-0251;NIK-0567;BirthDate-0527;Street-0148;Village-0005;Jasa;Ada;3;2500; Rp8.750.000 ; Rp10.000.000 ;Instagram;Tidak ada;Sendiri
575;Owner-0517;MSME-0252;NIK-0568;BirthDate-0528;Street-0148;Village-0005;Jasa;Ada;4;15000; Rp102.250.000 ; Rp94.750.000 ;Facebook;Tidak ada;Sendiri
576;Owner-0518;MSME-0143;NIK-0569;BirthDate-0529;Street-0148;Village-0005;Perdagangan;Ada;2;710; Rp1.190.500.000 ; Rp534.750.000 ;WhatsApp Business;Tokopedia;Sendiri
577;Owner-0519;MSME-0253;NIK-0570;BirthDate-0530;Street-0148;Village-0005;Perdagangan;Ada;3;2250; Rp12.250.000 ; Rp8.250.000 ;Instagram;Shopee, Lazada;Sendiri
578;Owner-0520;MSME-0004;NIK-0571;BirthDate-0531;Street-0148;Village-0005;Perdagangan;Ada;5;50000; Rp116.250.000 ; Rp148.000.000 ;Instagram;Lazada;Sendiri
579;Owner-0521;MSME-0175;NIK-0572;BirthDate-0532;Street-0148;Village-0005;Perdagangan;Ada;4;35000; Rp688.250.000 ; Rp1.197.250.000 ;Facebook;Shopee;Sendiri
580;Owner-0522;MSME-0254;NIK-0573;BirthDate-0533;Street-0148;Village-0005;Perdagangan;Ada;4;500; Rp27.500.000 ; Rp5.750.000 ;Instagram, TikTok;Shopee;Sendiri
581;Owner-0523;MSME-0202;NIK-0574;BirthDate-0534;Street-0148;Village-0005;Perdagangan;Ada;4;185; Rp189.250.000 ; Rp179.500.000 ;Facebook;Tokopedia, Shopee;Sendiri
582;Owner-0524;MSME-0233;NIK-0575;BirthDate-0535;Street-0148;Village-0005;Makanan dan Minuman;Ada;3;7000; Rp564.500.000 ; Rp841.250.000 ;Tidak ada;Tidak ada;Sewa
583;Owner-0525;MSME-0255;NIK-0576;BirthDate-0536;Street-0148;Village-0005;Makanan dan Minuman;Ada;6;8000; Rp30.500.000 ; Rp6.000.000 ;Instagram;Shopee;Sendiri
584;Owner-0526;MSME-0215;NIK-0577;BirthDate-0537;Street-0148;Village-0005;Makanan dan Minuman;Ada;6;35000; Rp158.250.000 ; Rp175.250.000 ;Instagram;Shopee;Sendiri
585;Owner-0527;MSME-0001;NIK-0578;BirthDate-0538;Street-0148;Village-0005;Makanan dan Minuman;Ada;5;4500; Rp1.089.500.000 ; Rp670.500.000 ;Facebook;Shopee;Sewa
586;Owner-0528;MSME-0001;NIK-0579;BirthDate-0539;Street-0148;Village-0005;Makanan dan Minuman;Ada;6;520; Rp17.500.000 ; Rp25.750.000 ;WhatsApp Business;Shopee;Sewa
587;Owner-0425;MSME-0003;NIK-0580;BirthDate-0540;Street-0148;Village-0005;Makanan dan Minuman;Ada;4;2600; Rp50.250.000 ; Rp91.000.000 ;Tidak ada;Tidak ada;Sendiri
588;Owner-0529;MSME-0003;NIK-0581;BirthDate-0541;Street-0148;Village-0005;Makanan dan Minuman;Ada;7;16000; Rp876.500.000 ; Rp858.500.000 ;Tidak ada;Tidak ada;Sewa
589;Owner-0530;MSME-0256;NIK-0582;BirthDate-0542;Street-0148;Village-0005;Makanan dan Minuman;Ada;5;5750; Rp21.750.000 ; Rp26.500.000 ;Facebook;Shopee;Sewa
590;Owner-0531;MSME-0257;NIK-0583;BirthDate-0543;Street-0148;Village-0005;Makanan dan Minuman;Ada;3;20000; Rp126.500.000 ; Rp89.000.000 ;TikTok;Tidak ada;Sendiri
591;Owner-0063;MSME-0258;NIK-0584;BirthDate-0544;Street-0149;Village-0005;Makanan dan Minuman;Ada;3;8000; Rp994.500.000 ; Rp343.250.000 ;TikTok;Shopee;Sendiri
592;Owner-0532;MSME-0259;NIK-0585;BirthDate-0545;Street-0149;Village-0005;Makanan dan Minuman;Ada;4;2800; Rp11.000.000 ; Rp18.250.000 ;Tidak ada;Tidak ada;Sendiri
593;Owner-0533;MSME-0260;NIK-0586;BirthDate-0546;Street-0150;Village-0005;Jasa;Ada;4;3000; Rp159.000.000 ; Rp77.250.000 ;TikTok;Tidak ada;Sendiri
594;Owner-0534;MSME-0261;NIK-0587;BirthDate-0547;Street-0150;Village-0001;Jasa;Ada;4;8000; Rp929.250.000 ; Rp960.500.000 ;TikTok;Tidak ada;Sendiri
595;Owner-0535;MSME-0262;NIK-0588;BirthDate-0548;Street-0150;Village-0001;Perdagangan;Ada;4;3000; Rp9.000.000 ; Rp5.750.000 ;Instagram, TikTok;Shopee;Sendiri
596;Owner-0536;MSME-0263;NIK-0589;BirthDate-0549;Street-0150;Village-0001;Perdagangan;Ada;6;415; Rp187.000.000 ; Rp91.250.000 ;Instagram;Tokopedia;Sendiri
597;Owner-0537;MSME-0264;NIK-0590;BirthDate-0550;Street-0150;Village-0001;Makanan dan Minuman;Ada;3;830; Rp609.500.000 ; Rp795.750.000 ;WhatsApp Business, Facebook;Shopee;Sendiri
598;Owner-0538;MSME-0057;NIK-0591;BirthDate-0551;Street-0151;Village-0001;Makanan dan Minuman;Ada;4;8500; Rp28.000.000 ; Rp18.250.000 ;Instagram, TikTok;Shopee;Sendiri
599;Owner-0539;MSME-0236;NIK-0592;BirthDate-0552;Street-0151;Village-0001;Makanan dan Minuman;Ada;3;4000; Rp193.250.000 ; Rp147.000.000 ;Facebook;Shopee;Sendiri
600;Owner-0540;MSME-0117;NIK-0593;BirthDate-0553;Street-0151;Village-0001;Makanan dan Minuman;Ada;2;8000; Rp556.750.000 ; Rp690.250.000 ;TikTok;Shopee;Sendiri
601;Owner-0541;MSME-0239;NIK-0594;BirthDate-0554;Street-0151;Village-0001;Makanan dan Minuman;Ada;2;3000; Rp5.750.000 ; Rp28.000.000 ;TikTok;Shopee;Sendiri
602;Owner-0542;MSME-0003;NIK-0595;BirthDate-0555;Street-0151;Village-0001;Makanan dan Minuman;Ada;3;8200; Rp193.000.000 ; Rp85.500.000 ;TikTok;Tokopedia;Sendiri
603;Owner-0543;MSME-0265;NIK-0596;BirthDate-0556;Street-0151;Village-0001;Makanan dan Minuman;Ada;2;8000; Rp308.750.000 ; Rp322.500.000 ;TikTok;Shopee;Sendiri
604;Owner-0544;MSME-0265;NIK-0597;BirthDate-0557;Street-0151;Village-0001;Makanan dan Minuman;Ada;2;150; Rp23.500.000 ; Rp10.500.000 ;Tidak ada;Tidak ada;Sendiri
605;Owner-0545;MSME-0003;NIK-0598;BirthDate-0558;Street-0151;Village-0001;Makanan dan Minuman;Ada;3;5000; Rp91.500.000 ; Rp95.000.000 ;Facebook;Lazada;Sendiri
606;Owner-0546;MSME-0017;NIK-0599;BirthDate-0559;Street-0151;Village-0001;Makanan dan Minuman;Ada;3;4000; Rp794.500.000 ; Rp878.250.000 ;TikTok;Shopee;Sewa
607;Owner-0547;MSME-0001;NIK-0600;BirthDate-0560;Street-0151;Village-0001;Makanan dan Minuman;Ada;10;40000; Rp13.500.000 ; Rp23.000.000 ;Facebook, TikTok;Shopee;Sendiri
608;Owner-0548;MSME-0266;NIK-0601;BirthDate-0561;Street-0152;Village-0007;Perdagangan;Ada;6;3000; Rp109.750.000 ; Rp189.250.000 ;Facebook;Shopee;Sendiri
609;Owner-0549;MSME-0267;NIK-0602;BirthDate-0562;Street-0153;Village-0009;Perdagangan;Ada;4;500; Rp477.000.000 ; Rp995.750.000 ;Facebook;Shopee;Sendiri
610;Owner-0550;MSME-0086;NIK-0603;BirthDate-0563;Street-0154;Village-0009;Perdagangan;Ada;3;2550; Rp18.250.000 ; Rp21.000.000 ;WhatsApp Business;Shopee;Sewa
611;Owner-0551;MSME-0193;NIK-0604;BirthDate-0564;Street-0154;Village-0009;Jasa;Ada;2;150; Rp72.000.000 ; Rp65.750.000 ;Instagram, Facebook;Shopee, Lazada;Sendiri
612;Owner-0552;MSME-0193;NIK-0605;BirthDate-0565;Street-0154;Village-0009;Jasa;Ada;1;120; Rp784.750.000 ; Rp692.750.000 ;Instagram, TikTok;Shopee, Lazada;Sendiri
613;Owner-0553;MSME-0199;NIK-0606;BirthDate-0566;Street-0154;Village-0009;Jasa;Ada;2;3000; Rp7.250.000 ; Rp9.000.000 ;Facebook;Tidak ada;Sendiri
614;Owner-0554;MSME-0268;NIK-0607;BirthDate-0567;Street-0154;Village-0009;Jasa;Ada;3;30000; Rp151.750.000 ; Rp137.750.000 ;Instagram, TikTok;Shopee;Sewa
615;Owner-0555;MSME-0004;NIK-0608;BirthDate-0568;Street-0154;Village-0009;Perdagangan;Ada;7;47; Rp1.026.500.000 ; Rp778.250.000 ;TikTok;Lazada;Sendiri
616;Owner-0556;MSME-0269;NIK-0609;BirthDate-0007;Street-0154;Village-0009;Perdagangan;Ada;8;675; Rp9.250.000 ; Rp10.750.000 ;Facebook;Shopee;Sewa
617;Owner-0557;MSME-0253;NIK-0610;BirthDate-0569;Street-0154;Village-0009;Perdagangan;Ada;17;7000; Rp97.750.000 ; Rp66.000.000 ;TikTok;Shopee;Sendiri
618;Owner-0558;MSME-0182;NIK-0611;BirthDate-0570;Street-0155;Village-0004;Perdagangan;Ada;8;50; Rp1.071.250.000 ; Rp385.500.000 ;Facebook;Lazada;Sendiri
619;Owner-0095;MSME-0061;NIK-0612;BirthDate-0571;Street-0155;Village-0004;Perdagangan;Ada;80;9500; Rp400.000.000 ; Rp320.000.000 ;Instagram;Shopee;Sendiri
620;Owner-0559;MSME-0270;NIK-0613;BirthDate-0572;Street-0156;Village-0004;Jasa;Ada;16;696; Rp59.750.000 ; Rp53.750.000 ;TikTok;Shopee;Sendiri
621;Owner-0560;MSME-0271;NIK-0614;BirthDate-0573;Street-0157;Village-0003;Perdagangan;Ada;14;33; Rp1.010.500.000 ; Rp556.000.000 ;Facebook;Lazada;Sendiri
622;Owner-0561;MSME-0236;NIK-0615;BirthDate-0574;Street-0158;Village-0009;Makanan dan Minuman;Ada;74;5409; Rp370.000.000 ; Rp296.000.000 ;Facebook, TikTok;Lazada;Sendiri
623;Owner-0562;MSME-0272;NIK-0616;BirthDate-0575;Street-0159;Village-0009;Perdagangan;Ada;15;597; Rp94.500.000 ; Rp118.000.000 ;Facebook;Shopee;Sendiri
624;Owner-0563;MSME-0202;NIK-0617;BirthDate-0576;Street-0160;Village-0009;Perdagangan;Ada;15;14; Rp747.250.000 ; Rp357.750.000 ;Instagram;Tokopedia;Sendiri
625;Owner-0564;MSME-0233;NIK-0618;BirthDate-0577;Street-0026;Village-0001;Makanan dan Minuman;Ada;3;6465; Rp6.250.000 ; Rp19.000.000 ;TikTok;Shopee;Sendiri
626;Owner-0208;MSME-0273;NIK-0619;BirthDate-0578;Street-0161;Village-0003;Jasa;Ada;11;511; Rp173.250.000 ; Rp52.250.000 ;Facebook;Tokopedia;Sendiri
627;Owner-0565;MSME-0274;NIK-0620;BirthDate-0579;Street-0161;Village-0006;Jasa;Ada;15;46; Rp766.500.000 ; Rp903.500.000 ;Instagram;Shopee;Sendiri
628;Owner-0566;MSME-0275;NIK-0621;BirthDate-0580;Street-0162;Village-0005;Jasa;Ada;61;9432; Rp305.000.000 ; Rp244.000.000 ;Facebook;Tidak ada;Sendiri
629;Owner-0567;MSME-0194;NIK-0622;BirthDate-0151;Street-0163;Village-0003;Jasa;Ada;18;493; Rp62.000.000 ; Rp98.500.000 ;WhatsApp Business;Tidak ada;Sendiri
630;Owner-0007;MSME-0004;NIK-0623;BirthDate-0581;Street-0163;Village-0003;Perdagangan;Ada;15;38; Rp443.750.000 ; Rp471.250.000 ;Facebook;Shopee;Sendiri
631;Owner-0568;MSME-0002;NIK-0624;BirthDate-0562;Street-0164;Village-0003;Makanan dan Minuman;Ada;104;5630; Rp520.000.000 ; Rp416.000.000 ;Instagram;Shopee;Sendiri
632;Owner-0569;MSME-0145;NIK-0625;BirthDate-0582;Street-0165;Village-0003;Peternakan;Ada;16;474; Rp55.000.000 ; Rp106.750.000 ;Facebook;Tidak ada;Sendiri
633;Owner-0570;MSME-0276;NIK-0626;BirthDate-0583;Street-0165;Village-0007;Perdagangan;Ada;12;14; Rp1.193.750.000 ; Rp851.750.000 ;Instagram;Tokopedia, Shopee;Sendiri
634;Owner-0571;MSME-0277;NIK-0627;BirthDate-0584;Street-0166;Village-0007;Jasa;Ada;3;7899; Rp28.750.000 ; Rp30.500.000 ;Tidak ada;Tidak ada;Sendiri
635;Owner-0572;MSME-0278;NIK-0628;BirthDate-0585;Street-0166;Village-0003;Jasa;Ada;15;426; Rp180.500.000 ; Rp113.500.000 ;Facebook;Tidak ada;Sendiri
636;Owner-0573;MSME-0199;NIK-0629;BirthDate-0586;Street-0166;Village-0003;Jasa;Ada;9;20; Rp1.022.250.000 ; Rp851.750.000 ;Tidak ada;Tidak ada;Sendiri
637;Owner-0525;MSME-0004;NIK-0630;BirthDate-0587;Street-0166;Village-0003;Perdagangan;Ada;68;7857; Rp340.000.000 ; Rp272.000.000 ;Tidak ada;Tidak ada;Sendiri
638;Owner-0574;MSME-0004;NIK-0631;BirthDate-0588;Street-0166;Village-0003;Perdagangan;Ada;12;454; Rp114.500.000 ; Rp68.000.000 ;Facebook;Tidak ada;Sendiri
639;Owner-0575;MSME-0001;NIK-0632;BirthDate-0589;Street-0166;Village-0003;Makanan dan Minuman;Ada;8;49; Rp807.250.000 ; Rp953.500.000 ;Facebook;Shopee;Sendiri
640;Owner-0576;MSME-0001;NIK-0633;BirthDate-0590;Street-0167;Village-0006;Makanan dan Minuman;Ada;62;8324; Rp310.000.000 ; Rp248.000.000 ;WhatsApp Business, Instagram;Shopee;Sendiri
641;Owner-0577;MSME-0279;NIK-0634;BirthDate-0591;Street-0168;Village-0007;Jasa;Ada;16;463; Rp194.750.000 ; Rp170.500.000 ;Facebook;Tidak ada;Sendiri
642;Owner-0578;MSME-0146;NIK-0635;BirthDate-0592;Street-0168;Village-0009;Peternakan;Ada;15;20; Rp1.132.250.000 ; Rp1.153.250.000 ;Facebook;Tidak ada;Sendiri
643;Owner-0579;MSME-0280;NIK-0636;BirthDate-0593;Street-0169;Village-0007;Makanan dan Minuman;Ada;3;8321; Rp8.500.000 ; Rp11.500.000 ;TikTok;Shopee;Sendiri
644;Owner-0580;MSME-0281;NIK-0637;BirthDate-0594;Street-0170;Village-0002;Peternakan;Ada;16;524; Rp82.250.000 ; Rp131.250.000 ;Tidak ada;Tidak ada;Sendiri
645;Owner-0581;MSME-0146;NIK-0638;BirthDate-0595;Street-0170;Village-0002;Peternakan;Ada;10;20; Rp755.750.000 ; Rp1.114.750.000 ;Tidak ada;Tidak ada;Sendiri
646;Owner-0582;MSME-0146;NIK-0639;BirthDate-0596;Street-0170;Village-0002;Peternakan;Ada;103;5294; Rp515.000.000 ; Rp412.000.000 ;Tidak ada;Tidak ada;Sendiri
647;Owner-0583;MSME-0144;NIK-0640;BirthDate-0597;Street-0170;Village-0002;Pertanian, perkebunan, dan kehutanan;Ada;18;445; Rp84.250.000 ; Rp80.500.000 ;Facebook;Tokopedia;Sendiri
648;Owner-0584;MSME-0282;NIK-0641;BirthDate-0598;Street-0170;Village-0002;Perdagangan;Ada;14;47; Rp807.750.000 ; Rp441.500.000 ;Facebook;Tokopedia;Sewa
649;Owner-0585;MSME-0012;NIK-0642;BirthDate-0599;Street-0170;Village-0002;Makanan dan Minuman;Ada;87;7738; Rp435.000.000 ; Rp348.000.000 ;Tidak ada;Tidak ada;Sewa
650;Owner-0586;MSME-0001;NIK-0643;BirthDate-0600;Street-0170;Village-0002;Makanan dan Minuman;Ada;15;562; Rp146.250.000 ; Rp129.250.000 ;Facebook;Shopee;Sewa
651;Owner-0587;MSME-0001;NIK-0644;BirthDate-0601;Street-0171;Village-0007;Makanan dan Minuman;Ada;15;31; Rp676.500.000 ; Rp790.500.000 ;Instagram;Shopee;Sewa
652;Owner-0588;MSME-0283;NIK-0645;BirthDate-0602;Street-0172;Village-0007;Makanan dan Minuman;Ada;2;6856; Rp23.500.000 ; Rp28.000.000 ;TikTok;Lazada;Sendiri
653;Owner-0359;MSME-0146;NIK-0646;BirthDate-0371;Street-0173;Village-0007;Peternakan;Ada;20;636; Rp62.000.000 ; Rp173.750.000 ;Facebook;Tidak ada;Sendiri
654;Owner-0589;MSME-0061;NIK-0647;BirthDate-0603;Street-0173;Village-0010;Perdagangan;Ada;8;48; Rp379.500.000 ; Rp944.000.000 ;Instagram;Shopee;Sendiri
655;Owner-0590;MSME-0003;NIK-0648;BirthDate-0004;Street-0174;Village-0016;Makanan dan Minuman;Ada;95;5467; Rp475.000.000 ; Rp380.000.000 ;TikTok;Shopee;Sendiri
656;Owner-0591;MSME-0003;NIK-0649;BirthDate-0604;Street-0174;Village-0017;Makanan dan Minuman;Ada;15;533; Rp59.250.000 ; Rp134.500.000 ;Tidak ada;Tidak ada;Sewa
657;Owner-0592;MSME-0284;NIK-0650;BirthDate-0605;Street-0174;Village-0017;Makanan dan Minuman;Ada;2;17; Rp1.193.500.000 ; Rp673.250.000 ;Tidak ada;Tidak ada;Sendiri
658;Owner-0593;MSME-0285;NIK-0651;BirthDate-0606;Street-0175;Village-0001;Perdagangan;Ada;81;7063; Rp405.000.000 ; Rp324.000.000 ;Facebook;Lazada;Sendiri
659;Owner-0594;MSME-0004;NIK-0652;BirthDate-0607;Street-0176;Village-0007;Perdagangan;Ada;14;459; Rp122.000.000 ; Rp64.000.000 ;WhatsApp Business;Shopee;Sendiri
660;Owner-0595;MSME-0286;NIK-0350;BirthDate-0333;Street-0006;Village-0003;Jasa;Ada;11;28; Rp793.750.000 ; Rp556.750.000 ;Instagram, Facebook;Shopee;Sendiri
661;Owner-0596;MSME-0193;NIK-0653;BirthDate-0608;Street-0035;Village-0003;Jasa;Ada;75;8128; Rp375.000.000 ; Rp300.000.000 ;TikTok;Tokopedia, Shopee;Sendiri
662;Owner-0597;MSME-0001;NIK-0654;BirthDate-0609;Street-0035;Village-0003;Makanan dan Minuman;Ada;19;496; Rp99.500.000 ; Rp82.750.000 ;WhatsApp Business, Facebook;Shopee;Sendiri
663;Owner-0598;MSME-0287;NIK-0655;BirthDate-0610;Street-0177;Village-0007;Makanan dan Minuman;Ada;11;34; Rp734.750.000 ; Rp330.250.000 ;Tidak ada;Tidak ada;Sendiri
664;Owner-0496;MSME-0288;NIK-0547;BirthDate-0508;Street-0177;Village-0007;Makanan dan Minuman;Ada;112;7208; Rp560.000.000 ; Rp448.000.000 ;Tidak ada;Tidak ada;Sendiri
665;Owner-0599;MSME-0289;NIK-0656;BirthDate-0611;Street-0177;Village-0007;Makanan dan Minuman;Ada;15;511; Rp191.250.000 ; Rp195.500.000 ;TikTok;Tidak ada;Sendiri
666;Owner-0600;MSME-0290;NIK-0657;BirthDate-0612;Street-0023;Village-0006;Perdagangan;Ada;8;35; Rp966.250.000 ; Rp642.000.000 ;TikTok;Shopee;Sendiri
667;Owner-0601;MSME-0086;NIK-0658;BirthDate-0613;Street-0023;Village-0006;Perdagangan;Ada;72;8578; Rp360.000.000 ; Rp288.000.000 ;Facebook;Tokopedia;Sendiri
668;Owner-0602;MSME-0291;NIK-0659;BirthDate-0614;Street-0023;Village-0006;Perdagangan;Ada;15;615; Rp183.750.000 ; Rp130.000.000 ;Instagram;Shopee;Sewa
669;Owner-0603;MSME-0004;NIK-0660;BirthDate-0615;Street-0023;Village-0006;Perdagangan;Ada;11;40; Rp984.500.000 ; Rp599.000.000 ;Instagram;Tokopedia;Sendiri
670;Owner-0604;MSME-0001;NIK-0661;BirthDate-0616;Street-0023;Village-0006;Makanan dan Minuman;Ada;77;7377; Rp385.000.000 ; Rp308.000.000 ;Instagram;Shopee;Sendiri
671;Owner-0329;MSME-0001;NIK-0662;BirthDate-0617;Street-0023;Village-0006;Makanan dan Minuman;Ada;12;653; Rp124.250.000 ; Rp136.750.000 ;Facebook;Shopee;Sendiri
672;Owner-0605;MSME-0292;NIK-0663;BirthDate-0618;Street-0023;Village-0006;Perdagangan;Ada;14;12; Rp1.155.000.000 ; Rp1.183.250.000 ;Tidak ada;Tidak ada;Sendiri
673;Owner-0606;MSME-0003;NIK-0664;BirthDate-0238;Street-0023;Village-0006;Makanan dan Minuman;Ada;60;7082; Rp300.000.000 ; Rp240.000.000 ;Facebook;Shopee;Sendiri
674;Owner-0227;MSME-0003;NIK-0665;BirthDate-0619;Street-0023;Village-0006;Makanan dan Minuman;Ada;12;543; Rp99.000.000 ; Rp90.250.000 ;Instagram;Shopee;Sendiri
675;Owner-0607;MSME-0293;NIK-0666;BirthDate-0620;Street-0023;Village-0006;Makanan dan Minuman;Ada;10;39; Rp949.750.000 ; Rp638.250.000 ;TikTok;Shopee;Sendiri
676;Owner-0172;MSME-0098;NIK-0667;BirthDate-0174;Street-0010;Village-0003;Perdagangan;Ada;74;8236; Rp370.000.000 ; Rp296.000.000 ;Instagram;Tokopedia;Sendiri
677;Owner-0202;MSME-0001;NIK-0668;BirthDate-0621;Street-0010;Village-0003;Makanan dan Minuman;Ada;15;532; Rp115.750.000 ; Rp197.750.000 ;WhatsApp Business, Instagram;Shopee;Sendiri
678;Owner-0608;MSME-0294;NIK-0669;BirthDate-0622;Street-0178;Village-0007;Perdagangan;Ada;7;24; Rp818.250.000 ; Rp1.151.000.000 ;Instagram;Tokopedia;Sewa
679;Owner-0609;MSME-0098;NIK-0670;BirthDate-0623;Street-0179;Village-0007;Perdagangan;Ada;81;7172; Rp405.000.000 ; Rp324.000.000 ;TikTok;Tokopedia;Sendiri
680;Owner-0610;MSME-0295;NIK-0671;BirthDate-0624;Street-0180;Village-0007;Jasa;Ada;19;532; Rp78.500.000 ; Rp57.000.000 ;WhatsApp Business;Tidak ada;Sendiri
681;Owner-0611;MSME-0199;NIK-0672;BirthDate-0625;Street-0180;Village-0007;Jasa;Ada;14;34; Rp730.500.000 ; Rp809.500.000 ;Tidak ada;Tidak ada;Sendiri
682;Owner-0612;MSME-0210;NIK-0673;BirthDate-0626;Street-0180;Village-0007;Jasa;Ada;67;8641; Rp335.000.000 ; Rp268.000.000 ;Facebook;Tidak ada;Sendiri
683;Owner-0613;MSME-0296;NIK-0674;BirthDate-0627;Street-0180;Village-0007;Perdagangan;Ada;19;568; Rp114.250.000 ; Rp145.000.000 ;Facebook, TikTok;Shopee;Sendiri
684;Owner-0556;MSME-0297;NIK-0675;BirthDate-0007;Street-0181;Village-0008;Perdagangan;Ada;9;23; Rp680.750.000 ; Rp860.750.000 ;Facebook;Shopee;Sewa
685;Owner-0614;MSME-0086;NIK-0676;BirthDate-0628;Street-0181;Village-0009;Perdagangan;Ada;103;9615; Rp515.000.000 ; Rp412.000.000 ;WhatsApp Business;Shopee;Sendiri
686;Owner-0615;MSME-0086;NIK-0677;BirthDate-0629;Street-0181;Village-0009;Perdagangan;Ada;11;585; Rp154.000.000 ; Rp82.250.000 ;Facebook;Shopee;Sendiri
687;Owner-0616;MSME-0086;NIK-0678;BirthDate-0630;Street-0181;Village-0009;Perdagangan;Ada;8;47; Rp999.250.000 ; Rp731.250.000 ;Instagram;Shopee;Sewa
688;Owner-0617;MSME-0199;NIK-0679;BirthDate-0631;Street-0182;Village-0009;Jasa;Ada;88;6345; Rp440.000.000 ; Rp352.000.000 ;Tidak ada;Tidak ada;Sendiri
689;Owner-0618;MSME-0298;NIK-0680;BirthDate-0632;Street-0067;Village-0009;Perdagangan;Ada;19;404; Rp197.750.000 ; Rp99.500.000 ;Tidak ada;Tidak ada;Sendiri
690;Owner-0619;MSME-0299;NIK-0681;BirthDate-0633;Street-0067;Village-0009;Perdagangan;Ada;9;33; Rp648.000.000 ; Rp484.000.000 ;Instagram;Lazada;Sewa
691;Owner-0620;MSME-0284;NIK-0682;BirthDate-0634;Street-0067;Village-0009;Makanan dan Minuman;Ada;67;6522; Rp335.000.000 ; Rp268.000.000 ;Tidak ada;Tidak ada;Sendiri
692;Owner-0621;MSME-0143;NIK-0683;BirthDate-0635;Street-0183;Village-0007;Perdagangan;Ada;19;459; Rp173.500.000 ; Rp89.250.000 ;Facebook;Shopee;Sendiri
693;Owner-0622;MSME-0300;NIK-0684;BirthDate-0636;Street-0002;Village-0001;Perdagangan;Ada;8;35; Rp863.250.000 ; Rp785.250.000 ;Facebook;Tidak ada;Sendiri
694;Owner-0623;MSME-0300;NIK-0685;BirthDate-0637;Street-0002;Village-0001;Perdagangan;Ada;92;6921; Rp460.000.000 ; Rp368.000.000 ;Facebook;Tidak ada;Sendiri
695;Owner-0624;MSME-0004;NIK-0686;BirthDate-0638;Street-0002;Village-0001;Perdagangan;Ada;19;433; Rp200.000.000 ; Rp140.000.000 ;Facebook;Tokopedia;Sewa
696;Owner-0625;MSME-0146;NIK-0687;BirthDate-0639;Street-0121;Village-0007;Peternakan;Ada;14;14; Rp368.250.000 ; Rp1.103.000.000 ;WhatsApp Business;Tidak ada;Sendiri
697;Owner-0626;MSME-0301;NIK-0688;BirthDate-0640;Street-0121;Village-0003;Makanan dan Minuman;Ada;80;6843; Rp400.000.000 ; Rp320.000.000 ;Instagram, TikTok;Shopee;Sendiri
698;Owner-0627;MSME-0302;NIK-0689;BirthDate-0641;Street-0121;Village-0003;Makanan dan Minuman;Ada;11;558; Rp68.500.000 ; Rp194.250.000 ;TikTok;Shopee;Sendiri
699;Owner-0628;MSME-0278;NIK-0690;BirthDate-0642;Street-0184;Village-0003;Jasa;Ada;9;144; Rp475.000.000 ; Rp380.000.000 ;TikTok, Instagram;Tidak ada;Sendiri
700;Owner-0628;MSME-0278;NIK-0690;BirthDate-0642;Street-0184;Village-0003;Jasa;Ada;9;144; Rp475.000.000 ; Rp380.000.000 ;TikTok, Instagram;Tidak ada;Sendiri
701;Owner-0565;MSME-0199;NIK-0691;BirthDate-0579;Street-0184;Village-0006;Jasa;Ada;16;572; Rp182.500.000 ; Rp64.500.000 ;WhatsApp Business;Tidak ada;Sewa
702;Owner-0208;MSME-0199;NIK-0692;BirthDate-0643;Street-0184;Village-0006;Jasa;Ada;14;11; Rp579.500.000 ; Rp331.000.000 ;Facebook;Tidak ada;Sendiri
703;Owner-0629;MSME-0303;NIK-0693;BirthDate-0644;Street-0184;Village-0006;Jasa;Ada;82;9763; Rp410.000.000 ; Rp328.000.000 ;WhatsApp Business;Tidak ada;Sewa
704;Owner-0630;MSME-0303;NIK-0694;BirthDate-0645;Street-0184;Village-0006;Jasa;Ada;12;475; Rp82.250.000 ; Rp86.500.000 ;Facebook;Tidak ada;Sendiri
705;Owner-0631;MSME-0304;NIK-0695;BirthDate-0359;Street-0184;Village-0006;Industri;Ada;12;43; Rp746.500.000 ; Rp871.000.000 ;Facebook;Shopee;Sendiri
706;Owner-0632;MSME-0304;NIK-0696;BirthDate-0646;Street-0184;Village-0006;Industri;Ada;112;9904; Rp560.000.000 ; Rp448.000.000 ;Facebook;Shopee;Sendiri
707;Owner-0633;MSME-0004;NIK-0697;BirthDate-0647;Street-0184;Village-0006;Perdagangan;Ada;18;495; Rp177.000.000 ; Rp88.250.000 ;Instagram;Tokopedia;Sendiri
708;Owner-0472;MSME-0004;NIK-0698;BirthDate-0648;Street-0184;Village-0006;Perdagangan;Ada;7;37; Rp993.500.000 ; Rp852.750.000 ;Facebook;Tokopedia;Sendiri
709;Owner-0634;MSME-0004;NIK-0699;BirthDate-0649;Street-0184;Village-0006;Perdagangan;Ada;111;8501; Rp555.000.000 ; Rp444.000.000 ;WhatsApp Business;Tidak ada;Sewa
710;Owner-0635;MSME-0175;NIK-0700;BirthDate-0650;Street-0184;Village-0006;Perdagangan;Ada;20;458; Rp73.500.000 ; Rp68.500.000 ;Facebook;Tokopedia;Sendiri
711;Owner-0636;MSME-0175;NIK-0701;BirthDate-0638;Street-0184;Village-0006;Perdagangan;Ada;11;41; Rp1.185.500.000 ; Rp940.750.000 ;WhatsApp Business;Tokopedia;Sendiri
712;Owner-0637;MSME-0175;NIK-0702;BirthDate-0110;Street-0184;Village-0006;Perdagangan;Ada;78;9519; Rp390.000.000 ; Rp312.000.000 ;Instagram;Lazada;Sendiri
713;Owner-0638;MSME-0305;NIK-0703;BirthDate-0651;Street-0184;Village-0006;Perdagangan;Ada;18;618; Rp166.500.000 ; Rp121.000.000 ;TikTok, Instagram;Shopee;Sendiri
714;Owner-0639;MSME-0306;NIK-0704;BirthDate-0652;Street-0184;Village-0006;Perdagangan;Ada;13;49; Rp507.000.000 ; Rp864.000.000 ;Facebook;Tidak ada;Sendiri
715;Owner-0640;MSME-0307;NIK-0705;BirthDate-0653;Street-0184;Village-0006;Perdagangan;Ada;80;6024; Rp400.000.000 ; Rp320.000.000 ;Facebook;Tidak ada;Sendiri
716;Owner-0641;MSME-0308;NIK-0706;BirthDate-0654;Street-0184;Village-0006;Perdagangan;Ada;13;602; Rp135.500.000 ; Rp116.250.000 ;Instagram;Shopee;Sewa
717;Owner-0642;MSME-0061;NIK-0707;BirthDate-0655;Street-0184;Village-0006;Perdagangan;Ada;7;29; Rp426.750.000 ; Rp434.250.000 ;Facebook;Shopee;Sewa
718;Owner-0643;MSME-0308;NIK-0708;BirthDate-0656;Street-0184;Village-0006;Perdagangan;Ada;117;5926; Rp585.000.000 ; Rp468.000.000 ;WhatsApp Business;Tokopedia;Sendiri
719;Owner-0644;MSME-0082;NIK-0709;BirthDate-0657;Street-0184;Village-0006;Perdagangan;Ada;16;436; Rp102.500.000 ; Rp157.750.000 ;Facebook;Tidak ada;Sewa
720;Owner-0645;MSME-0309;NIK-0710;BirthDate-0658;Street-0184;Village-0006;Makanan dan Minuman;Ada;15;16; Rp602.000.000 ; Rp1.077.250.000 ;WhatsApp Business;Tokopedia;Sendiri
721;Owner-0646;MSME-0078;NIK-0711;BirthDate-0659;Street-0184;Village-0006;Makanan dan Minuman;Ada;95;7290; Rp475.000.000 ; Rp380.000.000 ;Facebook;Shopee;Sendiri
722;Owner-0647;MSME-0310;NIK-0712;BirthDate-0365;Street-0184;Village-0006;Makanan dan Minuman;Ada;13;548; Rp100.250.000 ; Rp200.250.000 ;Tidak ada;Shopee;Sendiri
723;Owner-0648;MSME-0010;NIK-0713;BirthDate-0660;Street-0184;Village-0006;Makanan dan Minuman;Ada;9;49; Rp1.069.750.000 ; Rp1.160.000.000 ;Facebook, TikTok;Tidak ada;Sendiri
724;Owner-0649;MSME-0311;NIK-0714;BirthDate-0661;Street-0184;Village-0006;Makanan dan Minuman;Ada;60;6625; Rp300.000.000 ; Rp240.000.000 ;TikTok;Lazada;Sendiri
725;Owner-0650;MSME-0312;NIK-0715;BirthDate-0662;Street-0184;Village-0006;Makanan dan Minuman;Ada;14;622; Rp71.750.000 ; Rp107.750.000 ;Instagram, Facebook;Shopee;Sendiri
726;Owner-0524;MSME-0215;NIK-0716;BirthDate-0663;Street-0184;Village-0006;Makanan dan Minuman;Ada;9;42; Rp716.750.000 ; Rp942.750.000 ;Instagram;Shopee;Sendiri
727;Owner-0651;MSME-0313;NIK-0707;BirthDate-0655;Street-0185;Village-0006;Jasa;Ada;86;7753; Rp430.000.000 ; Rp344.000.000 ;WhatsApp Business, TikTok;Tidak ada;Sendiri
728;Owner-0565;MSME-0199;NIK-0717;BirthDate-0664;Street-0185;Village-0006;Jasa;Ada;19;411; Rp142.250.000 ; Rp161.000.000 ;Instagram;Tidak ada;Sendiri
729;Owner-0652;MSME-0314;NIK-0718;BirthDate-0371;Street-0185;Village-0006;Jasa;Ada;5;37; Rp459.250.000 ; Rp1.046.000.000 ;WhatsApp Business, Instagram, TikTok;Tidak ada;Sendiri
730;Owner-0653;MSME-0304;NIK-0719;BirthDate-0665;Street-0185;Village-0006;Industri;Ada;62;7869; Rp310.000.000 ; Rp248.000.000 ;Facebook;Shopee;Sendiri
731;Owner-0654;MSME-0304;NIK-0720;BirthDate-0666;Street-0185;Village-0006;Industri;Ada;12;686; Rp152.250.000 ; Rp123.500.000 ;Facebook;Shopee;Sendiri
732;Owner-0655;MSME-0308;NIK-0721;BirthDate-0667;Street-0185;Village-0006;Perdagangan;Ada;5;34; Rp306.250.000 ; Rp841.000.000 ;Facebook;Lazada;Sendiri
733;Owner-0656;MSME-0307;NIK-0722;BirthDate-0668;Street-0185;Village-0006;Perdagangan;Ada;96;6660; Rp480.000.000 ; Rp384.000.000 ;Facebook;Tidak ada;Sendiri
734;Owner-0637;MSME-0308;NIK-0723;BirthDate-0110;Street-0185;Village-0006;Perdagangan;Ada;18;523; Rp86.000.000 ; Rp120.000.000 ;WhatsApp Business;Tidak ada;Sendiri
735;Owner-0641;MSME-0308;NIK-0724;BirthDate-0654;Street-0185;Village-0006;Perdagangan;Ada;13;38; Rp423.750.000 ; Rp625.500.000 ;Instagram;Tidak ada;Sendiri
736;Owner-0028;MSME-0315;NIK-0725;BirthDate-0669;Street-0185;Village-0006;Perdagangan;Ada;118;9777; Rp590.000.000 ; Rp472.000.000 ;WhatsApp Business;Tidak ada;Sendiri
737;Owner-0635;MSME-0308;NIK-0726;BirthDate-0650;Street-0185;Village-0006;Perdagangan;Ada;16;563; Rp165.750.000 ; Rp107.250.000 ;Facebook;Shopee;Sendiri
738;Owner-0650;MSME-0312;NIK-0727;BirthDate-0662;Street-0185;Village-0006;Makanan dan Minuman;Ada;14;40; Rp870.750.000 ; Rp1.030.500.000 ;Instagram, TikTok;Shopee;Sendiri
739;Owner-0657;MSME-0193;NIK-0728;BirthDate-0670;Street-0064;Village-0006;Jasa;Ada;59;5656; Rp295.000.000 ; Rp236.000.000 ;Instagram, Facebook;Tokopedia, Shopee;Sendiri
740;Owner-0426;MSME-0271;NIK-0729;BirthDate-0438;Street-0064;Village-0005;Perdagangan;Ada;19;477; Rp149.000.000 ; Rp85.250.000 ;Tidak ada;Lazada;Sendiri
741;Owner-0658;MSME-0316;NIK-0730;BirthDate-0671;Street-0064;Village-0005;Perdagangan;Ada;7;21; Rp1.105.250.000 ; Rp559.500.000 ;Facebook;Tokopedia;Sendiri
742;Owner-0559;MSME-0270;NIK-0613;BirthDate-0572;Street-0061;Village-0001;Jasa;Ada;116;6882; Rp580.000.000 ; Rp464.000.000 ;TikTok;Tokopedia;Sendiri
743;Owner-0659;MSME-0317;NIK-0731;BirthDate-0672;Street-0061;Village-0003;Perdagangan;Ada;19;583; Rp199.000.000 ; Rp62.250.000 ;TikTok;Shopee;Sendiri
744;Owner-0660;MSME-0215;NIK-0732;BirthDate-0673;Street-0061;Village-0003;Makanan dan Minuman;Ada;12;13; Rp1.086.250.000 ; Rp874.750.000 ;Instagram;Shopee;Sendiri
745;Owner-0661;MSME-0215;NIK-0733;BirthDate-0674;Street-0061;Village-0003;Makanan dan Minuman;Ada;85;6664; Rp425.000.000 ; Rp340.000.000 ;Instagram;Shopee;Sendiri
746;Owner-0662;MSME-0012;NIK-0734;BirthDate-0675;Street-0061;Village-0003;Makanan dan Minuman;Ada;11;586; Rp132.500.000 ; Rp63.500.000 ;Tidak ada;Tidak ada;Sewa
747;Owner-0663;MSME-0309;NIK-0735;BirthDate-0676;Street-0061;Village-0003;Makanan dan Minuman;Ada;9;24; Rp944.750.000 ; Rp506.000.000 ;TikTok;Tidak ada;Sendiri
748;Owner-0664;MSME-0001;NIK-0736;BirthDate-0677;Street-0061;Village-0003;Makanan dan Minuman;Ada;52;6311; Rp260.000.000 ; Rp208.000.000 ;Instagram;Shopee;Sendiri
749;Owner-0125;MSME-0084;NIK-0737;BirthDate-0128;Street-0036;Village-0012;Jasa;Ada;13;684; Rp111.250.000 ; Rp66.000.000 ;Instagram;Tidak ada;Sendiri
750;Owner-0665;MSME-0318;NIK-0738;BirthDate-0569;Street-0036;Village-0007;Industri;Ada;9;13; Rp356.500.000 ; Rp523.500.000 ;WhatsApp Business;Tidak ada;Sendiri
751;Owner-0666;MSME-0319;NIK-0739;BirthDate-0678;Street-0036;Village-0007;Perdagangan;Ada;79;5152; Rp395.000.000 ; Rp316.000.000 ;TikTok, Instagram;Shopee;Sendiri
752;Owner-0667;MSME-0259;NIK-0740;BirthDate-0679;Street-0036;Village-0007;Makanan dan Minuman;Ada;15;676; Rp100.000.000 ; Rp200.250.000 ;TikTok;Shopee;Sendiri
753;Owner-0668;MSME-0194;NIK-0741;BirthDate-0680;Street-0004;Village-0007;Jasa;Ada;9;22; Rp348.750.000 ; Rp860.750.000 ;WhatsApp Business;Tidak ada;Sendiri
754;Owner-0669;MSME-0320;NIK-0742;BirthDate-0681;Street-0004;Village-0007;Jasa;Ada;115;8936; Rp575.000.000 ; Rp460.000.000 ;Facebook;Tidak ada;Sendiri
755;Owner-0670;MSME-0142;NIK-0743;BirthDate-0682;Street-0004;Village-0001;Perdagangan;Ada;19;537; Rp78.500.000 ; Rp118.500.000 ;Facebook;Shopee;Sendiri
756;Owner-0671;MSME-0321;NIK-0744;BirthDate-0683;Street-0004;Village-0001;Perdagangan;Ada;14;41; Rp515.750.000 ; Rp437.750.000 ;Facebook;Tokopedia;Sendiri
757;Owner-0672;MSME-0287;NIK-0745;BirthDate-0684;Street-0004;Village-0001;Makanan dan Minuman;Ada;69;9701; Rp345.000.000 ; Rp276.000.000 ;Tidak ada;Shopee;Sewa
758;Owner-0673;MSME-0322;NIK-0746;BirthDate-0685;Street-0004;Village-0001;Makanan dan Minuman;Ada;16;641; Rp92.500.000 ; Rp187.500.000 ;TikTok;Shopee;Sendiri
759;Owner-0674;MSME-0215;NIK-0747;BirthDate-0404;Street-0048;Village-0007;Makanan dan Minuman;Ada;5;18; Rp488.250.000 ; Rp372.500.000 ;Instagram;Shopee;Sendiri
760;Owner-0675;MSME-0041;NIK-0748;BirthDate-0686;Street-0013;Village-0007;Makanan dan Minuman;Ada;58;7941; Rp290.000.000 ; Rp232.000.000 ;Instagram;Tokopedia;Sendiri
761;Owner-0676;MSME-0211;NIK-0749;BirthDate-0687;Street-0186;Village-0005;Perdagangan;Ada;20;463; Rp168.750.000 ; Rp155.750.000 ;Instagram;Shopee;Sendiri
762;Owner-0261;MSME-0323;NIK-0750;BirthDate-0688;Street-0187;Village-0006;Perikanan;Ada;9;37; Rp702.750.000 ; Rp405.750.000 ;Facebook;Shopee;Sendiri
763;Owner-0677;MSME-0324;NIK-0751;BirthDate-0546;Street-0187;Village-0006;Perdagangan;Ada;103;5794; Rp515.000.000 ; Rp412.000.000 ;Instagram;Shopee;Sendiri
764;Owner-0678;MSME-0086;NIK-0752;BirthDate-0689;Street-0187;Village-0006;Perdagangan;Ada;20;677; Rp164.750.000 ; Rp164.000.000 ;Facebook;Shopee;Sendiri
765;Owner-0364;MSME-0004;NIK-0753;BirthDate-0690;Street-0187;Village-0006;Perdagangan;Ada;8;47; Rp574.750.000 ; Rp702.250.000 ;Facebook;Shopee;Sendiri
766;Owner-0679;MSME-0325;NIK-0754;BirthDate-0691;Street-0188;Village-0006;Perdagangan;Ada;72;5219; Rp360.000.000 ; Rp288.000.000 ;Facebook;Tokopedia;Sendiri
767;Owner-0680;MSME-0326;NIK-0755;BirthDate-0692;Street-0189;Village-0007;Jasa;Ada;20;555; Rp104.500.000 ; Rp191.500.000 ;Facebook;Shopee;Sendiri
768;Owner-0304;MSME-0327;NIK-0756;BirthDate-0693;Street-0094;Village-0007;Makanan dan Minuman;Ada;12;36; Rp405.250.000 ; Rp450.750.000 ;TikTok;Shopee;Sewa
769;Owner-0375;MSME-0145;NIK-0757;BirthDate-0387;Street-0190;Village-0007;Peternakan;Ada;64;7763; Rp320.000.000 ; Rp256.000.000 ;WhatsApp Business, Facebook;Tidak ada;Sendiri
770;Owner-0681;MSME-0086;NIK-0758;BirthDate-0167;Street-0191;Village-0009;Perdagangan;Ada;18;417; Rp169.750.000 ; Rp119.500.000 ;Instagram;Tokopedia;Sewa
771;Owner-0682;MSME-0298;NIK-0759;BirthDate-0694;Street-0191;Village-0009;Perdagangan;Ada;15;50; Rp71.750.000 ; Rp29.000.000 ;Instagram;Tidak ada;Sendiri
772;Owner-0683;MSME-0328;NIK-0760;BirthDate-0695;Street-0192;Village-0009;Perdagangan;Ada;14;5699; Rp480.000.000 ; Rp384.000.000 ;Instagram, TikTok;Shopee;Sendiri
773;Owner-0683;MSME-0328;NIK-0760;BirthDate-0695;Street-0192;Village-0009;Perdagangan;Ada;14;5699; Rp480.000.000 ; Rp384.000.000 ;Instagram, TikTok;Shopee;Sendiri
774;Owner-0684;MSME-0298;NIK-0761;BirthDate-0696;Street-0192;Village-0009;Perdagangan;Ada;6;26; Rp17.250.000 ; Rp2.025.000 ;WhatsApp Business;Tidak ada;Sendiri
775;Owner-0685;MSME-0253;NIK-0762;BirthDate-0697;Street-0192;Village-0009;Perdagangan;Ada;50;8893; Rp250.000.000 ; Rp200.000.000 ;Facebook;Tokopedia;Sendiri
776;Owner-0686;MSME-0004;NIK-0763;BirthDate-0698;Street-0192;Village-0009;Perdagangan;Ada;20;484; Rp125.750.000 ; Rp160.250.000 ;Instagram;Shopee;Sendiri
777;Owner-0687;MSME-0236;NIK-0764;BirthDate-0699;Street-0192;Village-0009;Makanan dan Minuman;Ada;7;45; Rp543.250.000 ; Rp436.000.000 ;Facebook;Lazada;Sendiri
778;Owner-0688;MSME-0004;NIK-0765;BirthDate-0700;Street-0193;Village-0009;Perdagangan;Ada;69;6139; Rp345.000.000 ; Rp276.000.000 ;Instagram;Shopee;Sendiri
779;Owner-0689;MSME-0213;NIK-0766;BirthDate-0701;Street-0194;Village-0007;Makanan dan Minuman;Ada;17;407; Rp177.750.000 ; Rp155.500.000 ;TikTok;Shopee;Sendiri
780;Owner-0690;MSME-0329;NIK-0767;BirthDate-0188;Street-0195;Village-0007;Perdagangan;Ada;11;19; Rp439.250.000 ; Rp1.035.500.000 ;Instagram, TikTok;Lazada;Sendiri
781;Owner-0691;MSME-0330;NIK-0768;BirthDate-0702;Street-0196;Village-0007;Perdagangan;Ada;101;6102; Rp505.000.000 ; Rp404.000.000 ;Instagram, Facebook;Shopee;Sendiri
782;Owner-0692;MSME-0170;NIK-0769;BirthDate-0703;Street-0054;Village-0003;Jasa;Ada;12;664; Rp92.250.000 ; Rp195.500.000 ;Instagram;Lazada;Sewa
783;Owner-0693;MSME-0331;NIK-0770;BirthDate-0704;Street-0054;Village-0009;Perdagangan;Ada;5;48; Rp445.000.000 ; Rp615.500.000 ;Facebook;Lazada;Sendiri
784;Owner-0694;MSME-0003;NIK-0771;BirthDate-0705;Street-0054;Village-0007;Makanan dan Minuman;Ada;57;9148; Rp285.000.000 ; Rp228.000.000 ;TikTok;Tidak ada;Sewa
785;Owner-0695;MSME-0332;NIK-0772;BirthDate-0706;Street-0197;Village-0007;Industri;Ada;20;444; Rp103.500.000 ; Rp55.250.000 ;Facebook;Shopee;Sendiri
786;Owner-0696;MSME-0333;NIK-0773;BirthDate-0707;Street-0198;Village-0003;Perdagangan;Ada;7;48; Rp425.000.000 ; Rp958.750.000 ;Facebook, TikTok;Shopee;Sewa
787;Owner-0697;MSME-0194;NIK-0774;BirthDate-0708;Street-0199;Village-0003;Jasa;Ada;118;6126; Rp590.000.000 ; Rp472.000.000 ;WhatsApp Business;Tidak ada;Sendiri
788;Owner-0418;MSME-0271;NIK-0775;BirthDate-0709;Street-0199;Village-0007;Perdagangan;Ada;20;518; Rp128.000.000 ; Rp71.750.000 ;TikTok;Shopee;Sendiri
789;Owner-0564;MSME-0334;NIK-0776;BirthDate-0710;Street-0200;Village-0007;Industri;Ada;14;45; Rp1.032.500.000 ; Rp361.500.000 ;Facebook;Tokopedia;Sewa
790;Owner-0698;MSME-0298;NIK-0777;BirthDate-0711;Street-0028;Village-0007;Perdagangan;Ada;60;8908; Rp300.000.000 ; Rp240.000.000 ;Tidak ada;Tidak ada;Sendiri
791;Owner-0699;MSME-0298;NIK-0778;BirthDate-0712;Street-0028;Village-0007;Perdagangan;Ada;12;475; Rp104.750.000 ; Rp189.500.000 ;Facebook;Tidak ada;Sendiri
792;Owner-0700;MSME-0335;NIK-0779;BirthDate-0713;Street-0014;Village-0007;Perdagangan;Ada;15;34; Rp1.093.250.000 ; Rp973.000.000 ;Facebook, TikTok;Tokopedia;Sendiri
793;Owner-0701;MSME-0336;NIK-0780;BirthDate-0714;Street-0014;Village-0005;Perdagangan;Ada;87;6586; Rp435.000.000 ; Rp348.000.000 ;Facebook, TikTok;Shopee;Sendiri
794;Owner-0702;MSME-0003;NIK-0781;BirthDate-0715;Street-0014;Village-0005;Makanan dan Minuman;Ada;11;682; Rp192.750.000 ; Rp198.750.000 ;Tidak ada;Tidak ada;Sewa
795;Owner-0703;MSME-0337;NIK-0782;BirthDate-0716;Street-0014;Village-0005;Makanan dan Minuman;Ada;6;11; Rp1.135.000.000 ; Rp462.500.000 ;Instagram, TikTok;Shopee;Sewa
796;Owner-0704;MSME-0041;NIK-0783;BirthDate-0717;Street-0014;Village-0005;Makanan dan Minuman;Ada;104;8600; Rp520.000.000 ; Rp416.000.000 ;Facebook, TikTok;TikTok Shop;Sendiri
797;Owner-0705;MSME-0338;NIK-0784;BirthDate-0718;Street-0014;Village-0005;Makanan dan Minuman;Ada;18;436; Rp53.500.000 ; Rp142.250.000 ;Instagram, Facebook;Shopee;Sendiri
798;Owner-0706;MSME-0170;NIK-0785;BirthDate-0719;Street-0201;Village-0005;Jasa;Ada;15;33; Rp721.750.000 ; Rp459.500.000 ;Instagram, Facebook;Shopee;Sendiri
799;Owner-0707;MSME-0339;NIK-0786;BirthDate-0720;Street-0201;Village-0006;Perdagangan;Ada;99;9731; Rp495.000.000 ; Rp396.000.000 ;Instagram, Facebook;Shopee;Sendiri
800;Owner-0708;MSME-0340;NIK-0787;BirthDate-0721;Street-0202;Village-0007;Perdagangan;Ada;17;675; Rp70.000.000 ; Rp136.250.000 ;Facebook;Tidak ada;Sewa
801;Owner-0453;MSME-0341;NIK-0788;BirthDate-0079;Street-0202;Village-0001;Makanan dan Minuman;Ada;5;37; Rp1.029.250.000 ; Rp1.185.000.000 ;Instagram;Shopee;Sendiri
802;Owner-0709;MSME-0168;NIK-0789;BirthDate-0722;Street-0203;Village-0002;Jasa;Ada;71;8826; Rp355.000.000 ; Rp284.000.000 ;Instagram;Shopee;Sendiri
803;Owner-0710;MSME-0342;NIK-0790;BirthDate-0723;Street-0203;Village-0007;Perdagangan;Ada;10;533; Rp61.750.000 ; Rp117.000.000 ;Instagram, TikTok;Tokopedia;Sendiri
805;Owner-0508;MSME-0032;NIK-0791;BirthDate-0519;Street-0203;Village-0007;Makanan dan Minuman;Ada;10;8753; Rp505.000.000 ; Rp404.000.000 ;TikTok;Shopee;Sendiri
805;Owner-0508;MSME-0032;NIK-0791;BirthDate-0519;Street-0203;Village-0007;Makanan dan Minuman;Ada;10;8753; Rp505.000.000 ; Rp404.000.000 ;TikTok;Shopee;Sendiri
806;Owner-0711;MSME-0193;NIK-0792;BirthDate-0724;Street-0204;Village-0012;Jasa;Ada;16;449; Rp143.000.000 ; Rp175.750.000 ;Instagram, Facebook;Shopee, Tokopedia;Sendiri
807;Owner-0712;MSME-0193;NIK-0793;BirthDate-0725;Street-0204;Village-0012;Jasa;Ada;10;15; Rp1.020.000.000 ; Rp952.750.000 ;Facebook, TikTok;Shopee, Lazada;Sendiri
808;Owner-0713;MSME-0323;NIK-0794;BirthDate-0726;Street-0204;Village-0012;Perikanan;Ada;83;6093; Rp415.000.000 ; Rp332.000.000 ;Instagram;Shopee;Sendiri
809;Owner-0714;MSME-0032;NIK-0795;BirthDate-0727;Street-0205;Village-0012;Makanan dan Minuman;Ada;13;575; Rp121.500.000 ; Rp102.250.000 ;TikTok;Shopee;Sewa
810;Owner-0715;MSME-0078;NIK-0796;BirthDate-0728;Street-0206;Village-0012;Makanan dan Minuman;Ada;12;38; Rp34.500.000 ; Rp17.000.000 ;WhatsApp Business;Tidak ada;Sendiri
811;Owner-0716;MSME-0078;NIK-0797;BirthDate-0729;Street-0206;Village-0012;Makanan dan Minuman;Ada;117;9586; Rp85.000.000 ; Rp18.000.000 ;Facebook;Tidak ada;Sendiri
812;Owner-0717;MSME-0213;NIK-0798;BirthDate-0730;Street-0207;Village-0012;Makanan dan Minuman;Ada;13;512; Rp189.750.000 ; Rp172.000.000 ;TikTok;Shopee;Sendiri
813;Owner-0718;MSME-0343;NIK-0799;BirthDate-0188;Street-0207;Village-0012;Makanan dan Minuman;Ada;12;45; Rp374.750.000 ; Rp974.750.000 ;TikTok;Shopee;Sewa
814;Owner-0719;MSME-0344;NIK-0800;BirthDate-0731;Street-0208;Village-0012;Jasa;Ada;78;8367; Rp390.000.000 ; Rp312.000.000 ;Instagram, TikTok;Tidak ada;Sendiri
815;Owner-0720;MSME-0193;NIK-0801;BirthDate-0732;Street-0208;Village-0012;Jasa;Ada;18;461; Rp73.250.000 ; Rp163.250.000 ;Instagram, TikTok;Lazada, Shopee;Sendiri
816;Owner-0721;MSME-0193;NIK-0802;BirthDate-0733;Street-0208;Village-0012;Jasa;Ada;5;44; Rp448.750.000 ; Rp426.750.000 ;Instagram, TikTok;Shopee, Tokopedia;Sendiri
817;Owner-0722;MSME-0345;NIK-0803;BirthDate-0734;Street-0208;Village-0012;Jasa;Ada;107;5415; Rp535.000.000 ; Rp428.000.000 ;WhatsApp Business;Tidak ada;Sewa
818;Owner-0723;MSME-0146;NIK-0804;BirthDate-0735;Street-0208;Village-0012;Peternakan;Ada;16;644; Rp137.000.000 ; Rp101.750.000 ;Facebook;Tidak ada;Sendiri
819;Owner-0724;MSME-0323;NIK-0805;BirthDate-0736;Street-0208;Village-0012;Perikanan;Ada;10;37; Rp530.000.000 ; Rp674.500.000 ;WhatsApp Business;Shopee;Sendiri
820;Owner-0725;MSME-0004;NIK-0806;BirthDate-0737;Street-0208;Village-0012;Perdagangan;Ada;101;9189; Rp505.000.000 ; Rp404.000.000 ;Facebook;Tokopedia;Sendiri
821;Owner-0726;MSME-0004;NIK-0807;BirthDate-0738;Street-0208;Village-0012;Perdagangan;Ada;11;555; Rp129.750.000 ; Rp55.500.000 ;WhatsApp Business;Shopee;Sewa
822;Owner-0400;MSME-0346;NIK-0808;BirthDate-0739;Street-0208;Village-0012;Perdagangan;Ada;6;20; Rp640.000.000 ; Rp1.116.250.000 ;Facebook;Tokopedia;Sendiri
823;Owner-0727;MSME-0237;NIK-0809;BirthDate-0740;Street-0208;Village-0012;Makanan dan Minuman;Ada;90;6520; Rp450.000.000 ; Rp360.000.000 ;TikTok;Shopee;Sendiri
824;Owner-0728;MSME-0003;NIK-0810;BirthDate-0741;Street-0208;Village-0012;Makanan dan Minuman;Ada;16;700; Rp178.750.000 ; Rp105.250.000 ;Facebook;Shopee;Sewa
825;Owner-0729;MSME-0347;NIK-0811;BirthDate-0742;Street-0208;Village-0012;Makanan dan Minuman;Ada;12;20; Rp1.073.750.000 ; Rp468.000.000 ;Instagram, TikTok;Shopee, Tokopedia;Sendiri
826;Owner-0730;MSME-0213;NIK-0812;BirthDate-0743;Street-0208;Village-0012;Makanan dan Minuman;Ada;87;7987; Rp435.000.000 ; Rp348.000.000 ;Tidak ada;Tidak ada;Sendiri
827;Owner-0731;MSME-0348;NIK-0813;BirthDate-0744;Street-0208;Village-0012;Makanan dan Minuman;Ada;17;423; Rp67.000.000 ; Rp130.750.000 ;Facebook, TikTok;Shopee;Sendiri
828;Owner-0732;MSME-0032;NIK-0814;BirthDate-0745;Street-0208;Village-0012;Makanan dan Minuman;Ada;8;38; Rp575.250.000 ; Rp387.000.000 ;Facebook;Tidak ada;Sewa
829;Owner-0733;MSME-0083;NIK-0815;BirthDate-0746;Street-0208;Village-0012;Makanan dan Minuman;Ada;105;8925; Rp525.000.000 ; Rp420.000.000 ;WhatsApp Business, Instagram;Shopee;Sewa
830;Owner-0734;MSME-0349;NIK-0816;BirthDate-0747;Street-0209;Village-0016;Makanan dan Minuman;Ada;15;535; Rp185.000.000 ; Rp96.750.000 ;Tidak ada;Tidak ada;Sewa
831;Owner-0735;MSME-0007;NIK-0817;BirthDate-0748;Street-0210;Village-0012;Makanan dan Minuman;Ada;6;26; Rp1.181.750.000 ; Rp973.000.000 ;WhatsApp Business;Shopee;Sendiri
832;Owner-0535;MSME-0350;NIK-0818;BirthDate-0749;Street-0211;Village-0009;Makanan dan Minuman;Ada;51;9368; Rp255.000.000 ; Rp204.000.000 ;Facebook, TikTok;Shopee;Sendiri
833;Owner-0736;MSME-0230;NIK-0819;BirthDate-0750;Street-0212;Village-0007;Makanan dan Minuman;Ada;13;604; Rp98.250.000 ; Rp197.000.000 ;TikTok;Shopee;Sewa
834;Owner-0737;MSME-0281;NIK-0820;BirthDate-0416;Street-0213;Village-0010;Peternakan;Ada;12;22; Rp1.152.750.000 ; Rp1.063.000.000 ;Facebook;Tidak ada;Sendiri
835;Owner-0738;MSME-0333;NIK-0821;BirthDate-0748;Street-0213;Village-0010;Perdagangan;Ada;72;8625; Rp360.000.000 ; Rp288.000.000 ;Instagram;Tokopedia;Sewa
836;Owner-0739;MSME-0117;NIK-0822;BirthDate-0751;Street-0213;Village-0010;Makanan dan Minuman;Ada;14;669; Rp83.500.000 ; Rp130.500.000 ;Facebook;Tidak ada;Sendiri
837;Owner-0740;MSME-0351;NIK-0823;BirthDate-0752;Street-0213;Village-0010;Makanan dan Minuman;Ada;5;46; Rp529.250.000 ; Rp673.000.000 ;TikTok;TikTok Shop;Sendiri
838;Owner-0741;MSME-0194;NIK-0824;BirthDate-0753;Street-0214;Village-0010;Jasa;Ada;111;9002; Rp555.000.000 ; Rp444.000.000 ;WhatsApp Business;Tidak ada;Sendiri
839;Owner-0742;MSME-0170;NIK-0825;BirthDate-0754;Street-0214;Village-0010;Jasa;Ada;12;466; Rp137.000.000 ; Rp107.250.000 ;Instagram;Tidak ada;Sendiri
840;Owner-0743;MSME-0170;NIK-0826;BirthDate-0755;Street-0214;Village-0010;Jasa;Ada;8;45; Rp555.750.000 ; Rp659.250.000 ;Facebook;Lazada;Sendiri
841;Owner-0744;MSME-0170;NIK-0827;BirthDate-0756;Street-0214;Village-0010;Jasa;Ada;69;5396; Rp345.000.000 ; Rp276.000.000 ;Instagram;Shopee;Sendiri
842;Owner-0745;MSME-0170;NIK-0828;BirthDate-0757;Street-0214;Village-0010;Jasa;Ada;16;432; Rp65.750.000 ; Rp155.250.000 ;Instagram;Tidak ada;Sewa
843;Owner-0746;MSME-0148;NIK-0829;BirthDate-0758;Street-0214;Village-0010;Industri;Ada;11;30; Rp371.500.000 ; Rp804.750.000 ;Facebook;Tokopedia;Sendiri
844;Owner-0747;MSME-0352;NIK-0830;BirthDate-0029;Street-0214;Village-0010;Pertambangan;Ada;84;7698; Rp420.000.000 ; Rp336.000.000 ;Facebook;Tidak ada;Sendiri
845;Owner-0748;MSME-0325;NIK-0831;BirthDate-0759;Street-0214;Village-0010;Perdagangan;Ada;13;542; Rp153.250.000 ; Rp66.500.000 ;Facebook;Tokopedia;Sendiri
846;Owner-0749;MSME-0293;NIK-0832;BirthDate-0760;Street-0214;Village-0010;Makanan dan Minuman;Ada;11;29; Rp392.250.000 ; Rp1.106.500.000 ;Facebook;Tidak ada;Sendiri
847;Owner-0586;MSME-0213;NIK-0833;BirthDate-0761;Street-0214;Village-0010;Makanan dan Minuman;Ada;96;7256; Rp480.000.000 ; Rp384.000.000 ;Tidak ada;Tidak ada;Sendiri
848;Owner-0750;MSME-0236;NIK-0834;BirthDate-0762;Street-0214;Village-0010;Makanan dan Minuman;Ada;14;682; Rp126.750.000 ; Rp73.500.000 ;Tidak ada;Shopee;Sendiri
849;Owner-0751;MSME-0353;NIK-0835;BirthDate-0763;Street-0214;Village-0010;Makanan dan Minuman;Ada;7;43; Rp978.500.000 ; Rp922.500.000 ;Tidak ada;Shopee;Sewa
850;Owner-0432;MSME-0354;NIK-0836;BirthDate-0764;Street-0214;Village-0010;Makanan dan Minuman;Ada;117;7855; Rp585.000.000 ; Rp468.000.000 ;Instagram, Facebook, TikTok;Shopee;Sendiri
851;Owner-0752;MSME-0355;NIK-0837;BirthDate-0765;Street-0214;Village-0010;Makanan dan Minuman;Ada;19;514; Rp156.750.000 ; Rp94.250.000 ;Instagram;Tokopedia;Sewa
852;Owner-0753;MSME-0356;NIK-0838;BirthDate-0766;Street-0214;Village-0010;Makanan dan Minuman;Ada;15;36; Rp22.000.000 ; Rp7.000.000 ;Facebook;Lazada;Sendiri
853;Owner-0754;MSME-0357;NIK-0839;BirthDate-0767;Street-0214;Village-0010;Makanan dan Minuman;Ada;111;5032; Rp155.000.000 ; Rp44.000.000 ;TikTok;Shopee;Sewa
854;Owner-0755;MSME-0010;NIK-0840;BirthDate-0768;Street-0214;Village-0010;Makanan dan Minuman;Ada;20;469; Rp71.250.000 ; Rp189.250.000 ;Tidak ada;Tidak ada;Sewa
855;Owner-0756;MSME-0012;NIK-0841;BirthDate-0769;Street-0214;Village-0010;Makanan dan Minuman;Ada;11;35; Rp786.750.000 ; Rp928.250.000 ;Facebook;Shopee;Sendiri
856;Owner-0757;MSME-0012;NIK-0842;BirthDate-0770;Street-0214;Village-0010;Makanan dan Minuman;Ada;79;7139; Rp395.000.000 ; Rp316.000.000 ;Facebook;Tidak ada;Sewa
857;Owner-0758;MSME-0259;NIK-0843;BirthDate-0771;Street-0214;Village-0010;Makanan dan Minuman;Ada;20;543; Rp109.500.000 ; Rp92.500.000 ;WhatsApp Business;Tidak ada;Sewa
858;Owner-0759;MSME-0259;NIK-0844;BirthDate-0758;Street-0214;Village-0010;Makanan dan Minuman;Ada;14;31; Rp767.500.000 ; Rp551.250.000 ;TikTok;Shopee;Sendiri
859;Owner-0760;MSME-0005;NIK-0845;BirthDate-0772;Street-0214;Village-0010;Makanan dan Minuman;Ada;59;9255; Rp295.000.000 ; Rp236.000.000 ;Tidak ada;Tidak ada;Sendiri
860;Owner-0761;MSME-0005;NIK-0846;BirthDate-0773;Street-0214;Village-0010;Makanan dan Minuman;Ada;11;464; Rp50.750.000 ; Rp167.000.000 ;Facebook;Shopee;Sendiri
861;Owner-0762;MSME-0358;NIK-0847;BirthDate-0774;Street-0214;Village-0010;Makanan dan Minuman;Ada;10;16; Rp347.750.000 ; Rp474.500.000 ;Facebook;Shopee;Sendiri
862;Owner-0763;MSME-0017;NIK-0848;BirthDate-0775;Street-0214;Village-0010;Makanan dan Minuman;Ada;64;5969; Rp320.000.000 ; Rp256.000.000 ;TikTok;Shopee;Sendiri
863;Owner-0764;MSME-0001;NIK-0849;BirthDate-0776;Street-0214;Village-0010;Makanan dan Minuman;Ada;18;420; Rp1.078.250.000 ; Rp786.750.000 ;Instagram, TikTok;Shopee;Sendiri
864;Owner-0765;MSME-0359;NIK-0850;BirthDate-0777;Street-0214;Village-0010;Makanan dan Minuman;Ada;13;11; Rp78.250.000 ; Rp36.750.000 ;Facebook, TikTok;Tokopedia;Sendiri
865;Owner-0766;MSME-0259;NIK-0851;BirthDate-0778;Street-0215;Village-0015;Makanan dan Minuman;Ada;94;7483; Rp470.000.000 ; Rp376.000.000 ;WhatsApp Business;Shopee;Sewa
866;Owner-0767;MSME-0265;NIK-0852;BirthDate-0779;Street-0215;Village-0015;Makanan dan Minuman;Ada;11;651; Rp131.000.000 ; Rp193.250.000 ;WhatsApp Business, Instagram;Tokopedia;Sendiri
867;Owner-0768;MSME-0170;NIK-0853;BirthDate-0780;Street-0216;Village-0015;Jasa;Ada;12;46; Rp570.000.000 ; Rp1.044.500.000 ;Instagram;Tokopedia;Sendiri
868;Owner-0769;MSME-0146;NIK-0854;BirthDate-0781;Street-0217;Village-0011;Peternakan;Ada;106;5045; Rp530.000.000 ; Rp424.000.000 ;Facebook;Tidak ada;Sendiri
869;Owner-0770;MSME-0078;NIK-0855;BirthDate-0782;Street-0217;Village-0011;Makanan dan Minuman;Ada;11;685; Rp95.250.000 ; Rp8.000.000 ;TikTok;Tidak ada;Sendiri
870;Owner-0771;MSME-0309;NIK-0856;BirthDate-0783;Street-0217;Village-0011;Makanan dan Minuman;Ada;5;16; Rp1.056.500.000 ; Rp877.000.000 ;TikTok;Shopee;Sendiri
871;Owner-0772;MSME-0284;NIK-0857;BirthDate-0784;Street-0217;Village-0011;Makanan dan Minuman;Ada;50;9300; Rp250.000.000 ; Rp200.000.000 ;WhatsApp Business;Tidak ada;Sewa
872;Owner-0773;MSME-0310;NIK-0858;BirthDate-0785;Street-0217;Village-0011;Makanan dan Minuman;Ada;19;636; Rp184.750.000 ; Rp151.750.000 ;Facebook;Shopee;Sendiri
873;Owner-0774;MSME-0246;NIK-0859;BirthDate-0786;Street-0217;Village-0011;Makanan dan Minuman;Ada;9;40; Rp41.250.000 ; Rp9.225.000 ;WhatsApp Business;Tidak ada;Sendiri
874;Owner-0775;MSME-0005;NIK-0860;BirthDate-0787;Street-0218;Village-0017;Makanan dan Minuman;Ada;118;9096; Rp590.000.000 ; Rp472.000.000 ;WhatsApp Business;Shopee;Sewa
875;Owner-0776;MSME-0360;NIK-0861;BirthDate-0788;Street-0219;Village-0015;Makanan dan Minuman;Ada;10;568; Rp88.750.000 ; Rp177.250.000 ;TikTok;Shopee;Sendiri
876;Owner-0777;MSME-0361;NIK-0862;BirthDate-0789;Street-0220;Village-0012;Makanan dan Minuman;Ada;12;48; Rp875.250.000 ; Rp1.097.250.000 ;TikTok;Shopee;Sendiri
877;Owner-0778;MSME-0003;NIK-0863;BirthDate-0790;Street-0221;Village-0004;Makanan dan Minuman;Ada;111;5199; Rp555.000.000 ; Rp444.000.000 ;Facebook;Shopee;Sendiri
878;Owner-0779;MSME-0017;NIK-0864;BirthDate-0791;Street-0221;Village-0004;Makanan dan Minuman;Ada;16;410; Rp139.250.000 ; Rp194.250.000 ;Instagram;Shopee;Sewa
879;Owner-0780;MSME-0362;NIK-0865;BirthDate-0792;Street-0222;Village-0002;Industri;Ada;6;13; Rp677.000.000 ; Rp516.750.000 ;Instagram, TikTok;Tokopedia, Shopee;Sendiri
880;Owner-0781;MSME-0061;NIK-0866;BirthDate-0793;Street-0222;Village-0002;Perdagangan;Ada;52;8174; Rp260.000.000 ; Rp208.000.000 ;Instagram;Lazada;Sendiri
881;Owner-0782;MSME-0003;NIK-0867;BirthDate-0509;Street-0223;Village-0018;Makanan dan Minuman;Ada;12;664; Rp163.750.000 ; Rp157.250.000 ;Facebook;Shopee;Sendiri
882;Owner-0783;MSME-0363;NIK-0868;BirthDate-0794;Street-0224;Village-0008;Perdagangan;Ada;7;46; Rp710.500.000 ; Rp1.084.250.000 ;Facebook, TikTok;Tokopedia;Sendiri
883;Owner-0784;MSME-0004;NIK-0869;BirthDate-0795;Street-0224;Village-0008;Perdagangan;Ada;111;7764; Rp555.000.000 ; Rp444.000.000 ;Facebook;Shopee;Sendiri
884;Owner-0785;MSME-0004;NIK-0870;BirthDate-0796;Street-0224;Village-0008;Perdagangan;Ada;10;662; Rp162.000.000 ; Rp166.250.000 ;Instagram;Shopee;Sendiri
885;Owner-0786;MSME-0225;NIK-0871;BirthDate-0797;Street-0224;Village-0008;Makanan dan Minuman;Ada;10;12; Rp390.250.000 ; Rp936.500.000 ;Facebook;Shopee;Sendiri
886;Owner-0787;MSME-0175;NIK-0872;BirthDate-0798;Street-0225;Village-0001;Perdagangan;Ada;51;9173; Rp255.000.000 ; Rp204.000.000 ;WhatsApp Business;Shopee;Sendiri
887;Owner-0788;MSME-0364;NIK-0873;BirthDate-0799;Street-0001;Village-0001;Jasa;Ada;16;471; Rp180.000.000 ; Rp121.750.000 ;Facebook;Lazada;Sendiri
888;Owner-0788;MSME-0170;NIK-0874;BirthDate-0800;Street-0001;Village-0001;Jasa;Ada;5;32; Rp680.750.000 ; Rp715.750.000 ;Instagram;Shopee;Sendiri
889;Owner-0789;MSME-0365;NIK-0875;BirthDate-0801;Street-0001;Village-0001;Perikanan;Ada;116;6432; Rp580.000.000 ; Rp464.000.000 ;Instagram;Tokopedia;Sendiri
890;Owner-0790;MSME-0366;NIK-0876;BirthDate-0802;Street-0001;Village-0001;Perdagangan;Ada;12;576; Rp148.750.000 ; Rp84.250.000 ;Facebook, TikTok;Tokopedia;Sendiri
891;Owner-0791;MSME-0367;NIK-0877;BirthDate-0803;Street-0001;Village-0001;Perdagangan;Ada;10;26; Rp173.250.000 ; Rp640.250.000 ;Facebook;Shopee;Sendiri
892;Owner-0418;MSME-0368;NIK-0878;BirthDate-0804;Street-0001;Village-0001;Perdagangan;Ada;63;9152; Rp315.000.000 ; Rp252.000.000 ;Facebook;Tidak ada;Sendiri
893;Owner-0789;MSME-0369;NIK-0879;BirthDate-0801;Street-0001;Village-0001;Perikanan;Ada;12;653; Rp66.750.000 ; Rp198.750.000 ;WhatsApp Business;Tokopedia;Sendiri
894;Owner-0792;MSME-0370;NIK-0880;BirthDate-0805;Street-0226;Village-0003;Makanan dan Minuman;Ada;14;37; Rp821.500.000 ; Rp972.000.000 ;WhatsApp Business, Instagram, TikTok;Shopee;Sendiri
895;Owner-0793;MSME-0371;NIK-0881;BirthDate-0806;Street-0226;Village-0007;Makanan dan Minuman;Ada;70;5748; Rp350.000.000 ; Rp280.000.000 ;Facebook, TikTok;Shopee;Sendiri
896;Owner-0794;MSME-0372;NIK-0882;BirthDate-0807;Street-0033;Village-0007;Perdagangan;Ada;11;554; Rp74.500.000 ; Rp191.000.000 ;WhatsApp Business;Tidak ada;Sendiri
897;Owner-0795;MSME-0373;NIK-0883;BirthDate-0808;Street-0033;Village-0007;Perdagangan;Ada;13;39; Rp323.000.000 ; Rp763.500.000 ;Instagram, Facebook;Shopee;Sendiri
898;Owner-0796;MSME-0374;NIK-0884;BirthDate-0809;Street-0227;Village-0007;Makanan dan Minuman;Ada;66;8825; Rp330.000.000 ; Rp264.000.000 ;Facebook, TikTok;Lazada;Sendiri
899;Owner-0797;MSME-0098;NIK-0885;BirthDate-0810;Street-0228;Village-0007;Perdagangan;Ada;19;647; Rp118.000.000 ; Rp85.000.000 ;TikTok;Shopee;Sendiri
900;Owner-0798;MSME-0041;NIK-0886;BirthDate-0811;Street-0228;Village-0001;Makanan dan Minuman;Ada;15;31; Rp144.750.000 ; Rp95.250.000 ;Facebook;Lazada;Sewa
901;Owner-0799;MSME-0375;NIK-0887;BirthDate-0812;Street-0229;Village-0001;Perdagangan;Ada;77;8648; Rp1.144.750.000 ; Rp1.095.250.000 ;Instagram;Tokopedia;Sendiri
902;Owner-0104;MSME-0004;NIK-0888;BirthDate-0813;Street-0230;Village-0009;Perdagangan;Ada;16;602; Rp192.500.000 ; Rp70.250.000 ;Instagram;Shopee;Sendiri
903;Owner-0800;MSME-0376;NIK-0889;BirthDate-0814;Street-0231;Village-0009;Perdagangan;Ada;12;45; Rp750.750.000 ; Rp703.750.000 ;Instagram;Shopee;Sendiri
904;Owner-0801;MSME-0037;NIK-0890;BirthDate-0815;Street-0232;Village-0009;Makanan dan Minuman;Ada;60;7892; Rp300.000.000 ; Rp240.000.000 ;Tidak ada;Shopee;Sewa
905;Owner-0802;MSME-0142;NIK-0891;BirthDate-0816;Street-0233;Village-0001;Perdagangan;Ada;10;487; Rp89.250.000 ; Rp54.250.000 ;Facebook;Shopee;Sewa
906;Owner-0803;MSME-0142;NIK-0892;BirthDate-0817;Street-0233;Village-0001;Perdagangan;Ada;14;19; Rp871.750.000 ; Rp610.000.000 ;Facebook;Shopee;Sendiri
907;Owner-0804;MSME-0041;NIK-0893;BirthDate-0818;Street-0085;Village-0006;Makanan dan Minuman;Ada;74;5527; Rp370.000.000 ; Rp296.000.000 ;Tidak ada;Shopee;Sendiri
908;Owner-0379;MSME-0377;NIK-0894;BirthDate-0391;Street-0234;Village-0007;Perdagangan;Ada;20;542; Rp199.500.000 ; Rp61.000.000 ;Facebook;Shopee;Sendiri
909;Owner-0805;MSME-0098;NIK-0895;BirthDate-0819;Street-0235;Village-0007;Perdagangan;Ada;8;34; Rp1.127.250.000 ; Rp719.500.000 ;Instagram, TikTok;TikTok Shop;Sendiri
910;Owner-0806;MSME-0215;NIK-0896;BirthDate-0820;Street-0068;Village-0005;Makanan dan Minuman;Ada;81;9138; Rp405.000.000 ; Rp324.000.000 ;Instagram;Shopee;Sendiri
911;Owner-0807;MSME-0045;NIK-0897;BirthDate-0821;Street-0236;Village-0007;Makanan dan Minuman;Ada;18;602; Rp101.000.000 ; Rp77.000.000 ;Tidak ada;Shopee;Sendiri
912;Owner-0808;MSME-0287;NIK-0898;BirthDate-0550;Street-0236;Village-0007;Makanan dan Minuman;Ada;11;14; Rp1.047.250.000 ; Rp1.140.500.000 ;TikTok;Shopee;Sendiri
913;Owner-0809;MSME-0378;NIK-0899;BirthDate-0822;Street-0237;Village-0012;Makanan dan Minuman;Ada;106;8661; Rp53.000.000 ; Rp42.400.000 ;Instagram;Tokopedia;Sewa
914;Owner-0810;MSME-0001;NIK-0900;BirthDate-0823;Street-0238;Village-0010;Makanan dan Minuman;Ada;16;565; Rp89.500.000 ; Rp121.750.000 ;WhatsApp Business;Shopee;Sendiri
915;Owner-0453;MSME-0001;NIK-0901;BirthDate-0824;Street-0238;Village-0010;Makanan dan Minuman;Ada;10;41; Rp837.250.000 ; Rp1.050.500.000 ;Facebook;Shopee;Sendiri
916;Owner-0811;MSME-0202;NIK-0902;BirthDate-0825;Street-0239;Village-0007;Perdagangan;Ada;76;9461; Rp380.000.000 ; Rp304.000.000 ;Instagram;Tokopedia;Sendiri
917;Owner-0812;MSME-0144;NIK-0903;BirthDate-0826;Street-0240;Village-0007;Pertanian, perkebunan, dan kehutanan;Ada;15;425; Rp58.250.000 ; Rp154.250.000 ;Facebook;Tokopedia;Sendiri
918;Owner-0813;MSME-0379;NIK-0904;BirthDate-0827;Street-0240;Village-0007;Perdagangan;Ada;12;45; Rp903.000.000 ; Rp774.750.000 ;Instagram;Shopee;Sendiri
919;Owner-0814;MSME-0380;NIK-0905;BirthDate-0828;Street-0240;Village-0007;Perdagangan;Ada;100;6853; Rp500.000.000 ; Rp400.000.000 ;TikTok;Shopee;Sendiri
920;Owner-0815;MSME-0381;NIK-0906;BirthDate-0829;Street-0240;Village-0007;Perdagangan;Ada;19;508; Rp136.500.000 ; Rp137.500.000 ;Instagram;Shopee;Sendiri
921;Owner-0816;MSME-0004;NIK-0907;BirthDate-0830;Street-0240;Village-0007;Perdagangan;Ada;15;39; Rp830.000.000 ; Rp811.250.000 ;WhatsApp Business;Tokopedia;Sendiri
922;Owner-0063;MSME-0382;NIK-0908;BirthDate-0831;Street-0240;Village-0007;Perdagangan;Ada;54;6650; Rp270.000.000 ; Rp216.000.000 ;WhatsApp Business, Instagram, Facebook;Shopee;Sendiri
923;Owner-0817;MSME-0253;NIK-0909;BirthDate-0832;Street-0240;Village-0007;Perdagangan;Ada;11;644; Rp176.500.000 ; Rp66.000.000 ;Instagram;Shopee;Sendiri
924;Owner-0818;MSME-0004;NIK-0910;BirthDate-0833;Street-0240;Village-0007;Perdagangan;Ada;11;38; Rp1.036.750.000 ; Rp719.500.000 ;Facebook;Tokopedia;Sendiri
925;Owner-0819;MSME-0270;NIK-0911;BirthDate-0834;Street-0240;Village-0007;Jasa;Ada;68;8487; Rp340.000.000 ; Rp272.000.000 ;Facebook;Tokopedia;Sendiri
926;Owner-0820;MSME-0383;NIK-0912;BirthDate-0835;Street-0240;Village-0007;Jasa;Ada;18;536; Rp116.000.000 ; Rp62.750.000 ;Tidak ada;Shopee;Sewa
927;Owner-0821;MSME-0167;NIK-0913;BirthDate-0836;Street-0240;Village-0007;Jasa;Ada;11;43; Rp1.061.250.000 ; Rp1.012.750.000 ;Instagram;Tidak ada;Sewa
928;Owner-0822;MSME-0384;NIK-0914;BirthDate-0837;Street-0240;Village-0007;Jasa;Ada;93;8142; Rp465.000.000 ; Rp372.000.000 ;Facebook;Shopee;Sewa
929;Owner-0823;MSME-0385;NIK-0915;BirthDate-0838;Street-0240;Village-0007;Jasa;Ada;17;571; Rp137.250.000 ; Rp152.500.000 ;Facebook;Tidak ada;Sendiri
930;Owner-0824;MSME-0386;NIK-0916;BirthDate-0839;Street-0240;Village-0007;Pertanian, perkebunan, dan kehutanan;Ada;13;35; Rp938.500.000 ; Rp478.750.000 ;WhatsApp Business;Tokopedia;Sendiri
931;Owner-0825;MSME-0202;NIK-0917;BirthDate-0443;Street-0240;Village-0007;Perdagangan;Ada;110;9786; Rp550.000.000 ; Rp440.000.000 ;Facebook;Lazada;Sewa
932;Owner-0826;MSME-0004;NIK-0918;BirthDate-0840;Street-0240;Village-0007;Perdagangan;Ada;12;589; Rp71.500.000 ; Rp163.500.000 ;Facebook;Shopee;Sendiri
933;Owner-0827;MSME-0004;NIK-0919;BirthDate-0452;Street-0240;Village-0007;Perdagangan;Ada;5;32; Rp484.750.000 ; Rp1.134.500.000 ;Facebook;Shopee;Sendiri
934;Owner-0828;MSME-0387;NIK-0920;BirthDate-0841;Street-0240;Village-0007;Perdagangan;Ada;71;7283; Rp355.000.000 ; Rp284.000.000 ;Facebook;Tokopedia;Sendiri
935;Owner-0829;MSME-0388;NIK-0921;BirthDate-0842;Street-0240;Village-0007;Perdagangan;Ada;12;407; Rp51.500.000 ; Rp160.750.000 ;WhatsApp Business;Tidak ada;Sendiri
936;Owner-0830;MSME-0004;NIK-0922;BirthDate-0843;Street-0240;Village-0007;Perdagangan;Ada;15;25; Rp368.250.000 ; Rp603.000.000 ;Facebook;Shopee;Sendiri
937;Owner-0831;MSME-0389;NIK-0923;BirthDate-0844;Street-0240;Village-0007;Perdagangan;Ada;58;5049; Rp290.000.000 ; Rp232.000.000 ;Facebook;Tokopedia;Sendiri
938;Owner-0832;MSME-0061;NIK-0924;BirthDate-0845;Street-0240;Village-0007;Perdagangan;Ada;10;439; Rp74.500.000 ; Rp56.500.000 ;Instagram;Shopee;Sendiri
939;Owner-0833;MSME-0390;NIK-0925;BirthDate-0846;Street-0240;Village-0007;Perdagangan;Ada;6;23; Rp1.051.250.000 ; Rp1.140.500.000 ;TikTok;Tokopedia, Shopee;Sendiri
940;Owner-0834;MSME-0001;NIK-0926;BirthDate-0847;Street-0240;Village-0007;Makanan dan Minuman;Ada;103;8019; Rp515.000.000 ; Rp412.000.000 ;WhatsApp Business, TikTok;Tidak ada;Sendiri
941;Owner-0835;MSME-0391;NIK-0927;BirthDate-0848;Street-0241;Village-0013;Jasa;Ada;12;644; Rp66.500.000 ; Rp61.500.000 ;Tidak ada;Tidak ada;Sendiri
942;Owner-0836;MSME-0199;NIK-0928;BirthDate-0849;Street-0241;Village-0002;Jasa;Ada;7;16; Rp1.080.500.000 ; Rp602.750.000 ;Facebook;Tidak ada;Sendiri
943;Owner-0837;MSME-0168;NIK-0929;BirthDate-0850;Street-0241;Village-0002;Jasa;Ada;87;6655; Rp435.000.000 ; Rp348.000.000 ;Tidak ada;Tidak ada;Sendiri
944;Owner-0838;MSME-0084;NIK-0930;BirthDate-0729;Street-0241;Village-0002;Jasa;Ada;17;495; Rp190.000.000 ; Rp128.000.000 ;Instagram;Tidak ada;Sendiri
945;Owner-0839;MSME-0392;NIK-0931;BirthDate-0851;Street-0241;Village-0002;Pertanian, perkebunan, dan kehutanan;Ada;6;49; Rp826.750.000 ; Rp651.500.000 ;Facebook;Tokopedia;Sendiri
946;Owner-0840;MSME-0393;NIK-0932;BirthDate-0852;Street-0241;Village-0002;Perdagangan;Ada;96;5072; Rp1.480.000.000 ; Rp584.000.000 ;Instagram, TikTok;Shopee;Sendiri
947;Owner-0841;MSME-0394;NIK-0933;BirthDate-0111;Street-0241;Village-0002;Perdagangan;Ada;19;613; Rp1.460.000.000 ; Rp542.250.000 ;TikTok;Shopee;Sendiri
948;Owner-0319;MSME-0143;NIK-0934;BirthDate-0853;Street-0241;Village-0002;Perdagangan;Ada;11;39; Rp341.000.000 ; Rp793.250.000 ;WhatsApp Business, Facebook;Tokopedia;Sendiri
949;Owner-0842;MSME-0143;NIK-0935;BirthDate-0854;Street-0241;Village-0002;Perdagangan;Ada;96;5937; Rp480.000.000 ; Rp384.000.000 ;Facebook;Tokopedia;Sewa
950;Owner-0843;MSME-0004;NIK-0936;BirthDate-0855;Street-0241;Village-0002;Perdagangan;Ada;16;620; Rp171.000.000 ; Rp129.250.000 ;WhatsApp Business;Tokopedia;Sendiri
951;Owner-0844;MSME-0004;NIK-0937;BirthDate-0856;Street-0241;Village-0002;Perdagangan;Ada;12;26; Rp578.500.000 ; Rp1.066.000.000 ;Instagram;Shopee;Sendiri
952;Owner-0845;MSME-0004;NIK-0938;BirthDate-0857;Street-0241;Village-0002;Perdagangan;Ada;57;5627; Rp285.000.000 ; Rp228.000.000 ;Facebook;Shopee;Sendiri
953;Owner-0846;MSME-0004;NIK-0939;BirthDate-0393;Street-0241;Village-0002;Perdagangan;Ada;15;508; Rp70.250.000 ; Rp129.000.000 ;Tidak ada;Tidak ada;Sendiri
954;Owner-0847;MSME-0004;NIK-0940;BirthDate-0858;Street-0241;Village-0002;Perdagangan;Ada;6;29; Rp408.250.000 ; Rp427.500.000 ;Facebook;Tidak ada;Sendiri
955;Owner-0848;MSME-0004;NIK-0941;BirthDate-0859;Street-0241;Village-0002;Perdagangan;Ada;93;7700; Rp465.000.000 ; Rp372.000.000 ;Instagram;Tokopedia;Sendiri
956;Owner-0849;MSME-0004;NIK-0942;BirthDate-0860;Street-0241;Village-0002;Perdagangan;Ada;10;537; Rp75.000.000 ; Rp113.750.000 ;TikTok;TikTok Shop;Sendiri
957;Owner-0850;MSME-0197;NIK-0943;BirthDate-0861;Street-0241;Village-0002;Perdagangan;Ada;9;14; Rp1.023.500.000 ; Rp1.035.000.000 ;Facebook;Tokopedia;Sendiri
958;Owner-0851;MSME-0197;NIK-0944;BirthDate-0862;Street-0241;Village-0002;Perdagangan;Ada;56;8470; Rp280.000.000 ; Rp224.000.000 ;Instagram, Facebook;Shopee;Sendiri
959;Owner-0852;MSME-0395;NIK-0945;BirthDate-0863;Street-0241;Village-0002;Perdagangan;Ada;18;481; Rp154.250.000 ; Rp85.250.000 ;Facebook;Tokopedia;Sendiri
960;Owner-0853;MSME-0004;NIK-0946;BirthDate-0864;Street-0241;Village-0002;Perdagangan;Ada;13;11; Rp1.188.250.000 ; Rp1.036.250.000 ;Facebook;Tidak ada;Sewa
961;Owner-0854;MSME-0396;NIK-0947;BirthDate-0865;Street-0241;Village-0002;Perdagangan;Ada;75;6243; Rp375.000.000 ; Rp300.000.000 ;WhatsApp Business;Tidak ada;Sendiri
962;Owner-0855;MSME-0143;NIK-0948;BirthDate-0229;Street-0241;Village-0002;Perdagangan;Ada;15;667; Rp98.500.000 ; Rp186.500.000 ;WhatsApp Business, Facebook;Shopee;Sendiri
963;Owner-0856;MSME-0061;NIK-0949;BirthDate-0866;Street-0241;Village-0002;Perdagangan;Ada;15;20; Rp608.250.000 ; Rp472.250.000 ;WhatsApp Business;Shopee;Sendiri
964;Owner-0857;MSME-0061;NIK-0950;BirthDate-0867;Street-0241;Village-0002;Perdagangan;Ada;100;6354; Rp500.000.000 ; Rp400.000.000 ;WhatsApp Business;Lazada;Sendiri
965;Owner-0858;MSME-0307;NIK-0951;BirthDate-0868;Street-0241;Village-0002;Perdagangan;Ada;18;610; Rp97.750.000 ; Rp113.000.000 ;Facebook;Tidak ada;Sendiri
966;Owner-0859;MSME-0061;NIK-0952;BirthDate-0869;Street-0241;Village-0002;Perdagangan;Ada;9;25; Rp779.500.000 ; Rp889.500.000 ;Facebook;Shopee;Sendiri
967;Owner-0860;MSME-0397;NIK-0953;BirthDate-0870;Street-0242;Village-0007;Perdagangan;Ada;93;9882; Rp465.000.000 ; Rp372.000.000 ;Facebook;Tidak ada;Sendiri
968;Owner-0861;MSME-0397;NIK-0954;BirthDate-0871;Street-0242;Village-0012;Perdagangan;Ada;18;635; Rp112.500.000 ; Rp55.250.000 ;Facebook;Tidak ada;Sendiri
969;Owner-0493;MSME-0397;NIK-0955;BirthDate-0872;Street-0243;Village-0012;Perdagangan;Ada;13;31; Rp352.750.000 ; Rp338.500.000 ;Facebook;Tidak ada;Sendiri
970;Owner-0862;MSME-0004;NIK-0956;BirthDate-0873;Street-0244;Village-0012;Perdagangan;Ada;69;9076; Rp345.000.000 ; Rp276.000.000 ;Facebook;Tokopedia;Sendiri
971;Owner-0863;MSME-0200;NIK-0957;BirthDate-0874;Street-0245;Village-0012;Perdagangan;Ada;14;458; Rp89.500.000 ; Rp146.750.000 ;Tidak ada;Tidak ada;Sewa
972;Owner-0864;MSME-0298;NIK-0958;BirthDate-0875;Street-0246;Village-0012;Perdagangan;Ada;13;16; Rp745.250.000 ; Rp495.500.000 ;Facebook;Tokopedia;Sendiri
973;Owner-0168;MSME-0398;NIK-0959;BirthDate-0876;Street-0247;Village-0010;Perdagangan;Ada;81;8250; Rp405.000.000 ; Rp324.000.000 ;TikTok;Shopee;Sendiri
974;Owner-0865;MSME-0001;NIK-0960;BirthDate-0877;Street-0247;Village-0007;Makanan dan Minuman;Ada;12;650; Rp132.000.000 ; Rp161.500.000 ;TikTok;Shopee;Sendiri
975;Owner-0866;MSME-0399;NIK-0961;BirthDate-0878;Street-0248;Village-0007;Jasa;Ada;15;33; Rp927.500.000 ; Rp1.085.500.000 ;Facebook;Tidak ada;Sewa
976;Owner-0867;MSME-0193;NIK-0962;BirthDate-0879;Street-0248;Village-0012;Jasa;Ada;59;5903; Rp295.000.000 ; Rp236.000.000 ;Instagram;TikTok Shop, Shopee;Sendiri
977;Owner-0868;MSME-0345;NIK-0963;BirthDate-0880;Street-0248;Village-0012;Jasa;Ada;13;572; Rp154.500.000 ; Rp54.500.000 ;WhatsApp Business;Tidak ada;Sewa
978;Owner-0869;MSME-0193;NIK-0964;BirthDate-0881;Street-0248;Village-0012;Jasa;Ada;5;31; Rp670.250.000 ; Rp374.000.000 ;Instagram;Shopee;Sewa
979;Owner-0870;MSME-0146;NIK-0965;BirthDate-0882;Street-0248;Village-0012;Peternakan;Ada;92;6890; Rp460.000.000 ; Rp368.000.000 ;Facebook;Tidak ada;Sendiri
980;Owner-0871;MSME-0323;NIK-0966;BirthDate-0883;Street-0248;Village-0012;Perikanan;Ada;10;637; Rp92.500.000 ; Rp199.000.000 ;Facebook;Tokopedia;Sendiri
981;Owner-0872;MSME-0323;NIK-0967;BirthDate-0884;Street-0248;Village-0012;Perikanan;Ada;10;27; Rp937.250.000 ; Rp1.163.250.000 ;WhatsApp Business, Facebook;Tokopedia;Sendiri
982;Owner-0873;MSME-0323;NIK-0968;BirthDate-0390;Street-0248;Village-0012;Perikanan;Ada;114;5826; Rp570.000.000 ; Rp456.000.000 ;WhatsApp Business;Lazada;Sendiri
983;Owner-0292;MSME-0400;NIK-0301;BirthDate-0291;Street-0249;Village-0012;Perdagangan;Ada;20;579; Rp123.000.000 ; Rp158.500.000 ;Instagram;Shopee;Sewa
984;Owner-0291;MSME-0401;NIK-0969;BirthDate-0290;Street-0250;Village-0012;Perdagangan;Ada;9;49; Rp380.250.000 ; Rp752.750.000 ;Instagram, TikTok;Shopee, Lazada;Sendiri
985;Owner-0874;MSME-0397;NIK-0970;BirthDate-0885;Street-0250;Village-0012;Perdagangan;Ada;75;6566; Rp375.000.000 ; Rp300.000.000 ;WhatsApp Business;Tidak ada;Sendiri
986;Owner-0875;MSME-0004;NIK-0971;BirthDate-0886;Street-0251;Village-0012;Perdagangan;Ada;14;654; Rp175.000.000 ; Rp151.000.000 ;Instagram;Shopee;Sendiri
987;Owner-0876;MSME-0082;NIK-0972;BirthDate-0887;Street-0252;Village-0012;Perdagangan;Ada;11;18; Rp1.036.000.000 ; Rp730.500.000 ;Facebook;Tidak ada;Sendiri
988;Owner-0877;MSME-0170;NIK-0973;BirthDate-0888;Street-0253;Village-0007;Jasa;Ada;88;7634; Rp440.000.000 ; Rp352.000.000 ;Instagram;Tidak ada;Sewa
989;Owner-0878;MSME-0402;NIK-0974;BirthDate-0889;Street-0253;Village-0007;Perdagangan;Ada;13;456; Rp158.250.000 ; Rp72.000.000 ;Facebook;Shopee;Sendiri
990;Owner-0879;MSME-0143;NIK-0975;BirthDate-0890;Street-0254;Village-0007;Perdagangan;Ada;6;24; Rp1.106.250.000 ; Rp446.000.000 ;Facebook;Tokopedia;Sendiri
991;Owner-0880;MSME-0005;NIK-0976;BirthDate-0891;Street-0254;Village-0007;Makanan dan Minuman;Ada;61;6638; Rp305.000.000 ; Rp244.000.000 ;TikTok;Shopee;Sewa
992;Owner-0881;MSME-0005;NIK-0977;BirthDate-0892;Street-0255;Village-0007;Makanan dan Minuman;Ada;12;476; Rp80.500.000 ; Rp80.250.000 ;Tidak ada;Shopee;Sewa
993;Owner-0882;MSME-0271;NIK-0978;BirthDate-0893;Street-0256;Village-0007;Perdagangan;Ada;15;43; Rp831.750.000 ; Rp463.750.000 ;TikTok;Shopee;Sendiri
994;Owner-0883;MSME-0079;NIK-0979;BirthDate-0894;Street-0257;Village-0003;Industri;Ada;107;8981; Rp535.000.000 ; Rp428.000.000 ;Facebook;Shopee;Sendiri
995;Owner-0884;MSME-0403;NIK-0980;BirthDate-0895;Street-0258;Village-0018;Jasa;Ada;20;687; Rp113.750.000 ; Rp98.750.000 ;Instagram;Tidak ada;Sendiri
996;Owner-0885;MSME-0404;NIK-0981;BirthDate-0834;Street-0259;Village-0015;Jasa;Ada;8;29; Rp356.250.000 ; Rp1.173.250.000 ;TikTok;Shopee;Sendiri
997;Owner-0886;MSME-0405;NIK-0982;BirthDate-0327;Street-0260;Village-0017;Makanan dan Minuman;Ada;52;7744; Rp260.000.000 ; Rp208.000.000 ;Facebook, TikTok;Shopee;Sendiri
998;Owner-0887;MSME-0004;NIK-0983;BirthDate-0896;Street-0261;Village-0009;Perdagangan;Ada;11;425; Rp131.250.000 ; Rp70.750.000 ;Facebook;Tidak ada;Sendiri
999;Owner-0888;MSME-0144;NIK-0984;BirthDate-0897;Street-0262;Village-0009;Pertanian, perkebunan, dan kehutanan;Ada;12;45; Rp1.045.500.000 ; Rp909.500.000 ;Facebook;Tokopedia;Sendiri
1000;Owner-0889;MSME-0406;NIK-0985;BirthDate-0898;Street-0263;Village-0002;Jasa;Ada;87;8169; Rp435.000.000 ; Rp348.000.000 ;Facebook, TikTok;Shopee, Lazada;Sewa
1001;Owner-0890;MSME-0004;NIK-0986;BirthDate-0899;Street-0264;Village-0005;Perdagangan;Ada;19;479; Rp126.750.000 ; Rp117.000.000 ;Facebook;Shopee;Sendiri
1002;Owner-0759;MSME-0345;NIK-0987;BirthDate-0900;Street-0265;Village-0007;Jasa;Ada;7;23; Rp163.000.000 ; Rp32.750.000 ;WhatsApp Business, Instagram;Tidak ada;Sendiri
1003;Owner-0891;MSME-0407;NIK-0988;BirthDate-0901;Street-0266;Village-0013;Industri;Ada;81;7076; Rp405.000.000 ; Rp324.000.000 ;Facebook;Tokopedia;Sendiri
1004;Owner-0892;MSME-0199;NIK-0989;BirthDate-0902;Street-0267;Village-0008;Jasa;Ada;14;474; Rp145.500.000 ; Rp177.500.000 ;WhatsApp Business;Tidak ada;Sendiri
1005;Owner-0893;MSME-0199;NIK-0990;BirthDate-0903;Street-0268;Village-0007;Jasa;Ada;7;27; Rp542.000.000 ; Rp958.250.000 ;Tidak ada;Tidak ada;Sendiri
1006;Owner-0894;MSME-0170;NIK-0991;BirthDate-0904;Street-0269;Village-0011;Jasa;Ada;87;5562; Rp435.000.000 ; Rp348.000.000 ;WhatsApp Business;Tidak ada;Sewa
1007;Owner-0895;MSME-0408;NIK-0992;BirthDate-0905;Street-0270;Village-0005;Jasa;Ada;19;536; Rp89.500.000 ; Rp86.750.000 ;Facebook, WhatsApp Business;Tidak ada;Sendiri
1008;Owner-0896;MSME-0199;NIK-0993;BirthDate-0906;Street-0270;Village-0005;Jasa;Ada;10;13; Rp824.000.000 ; Rp1.120.500.000 ;WhatsApp Business;Tidak ada;Sendiri
1009;Owner-0104;MSME-0199;NIK-0994;BirthDate-0907;Street-0270;Village-0005;Jasa;Ada;64;6006; Rp320.000.000 ; Rp256.000.000 ;Facebook;Tidak ada;Sewa
1010;Owner-0897;MSME-0193;NIK-0995;BirthDate-0649;Street-0270;Village-0005;Jasa;Ada;14;622; Rp82.250.000 ; Rp133.000.000 ;Instagram, TikTok;Shopee, TikTok Shop;Sendiri
1011;Owner-0898;MSME-0004;NIK-0996;BirthDate-0199;Street-0270;Village-0005;Perdagangan;Ada;14;44; Rp716.250.000 ; Rp1.026.750.000 ;WhatsApp Business;Tidak ada;Sendiri
1012;Owner-0899;MSME-0409;NIK-0997;BirthDate-0908;Street-0270;Village-0005;Perdagangan;Ada;114;9320; Rp570.000.000 ; Rp456.000.000 ;Instagram, TikTok;Shopee;Sewa
1013;Owner-0900;MSME-0383;NIK-0998;BirthDate-0909;Street-0270;Village-0005;Jasa;Ada;14;521; Rp77.250.000 ; Rp123.250.000 ;Tidak ada;Shopee;Sendiri
1014;Owner-0901;MSME-0193;NIK-0999;BirthDate-0910;Street-0270;Village-0005;Jasa;Ada;6;22; Rp618.500.000 ; Rp994.500.000 ;TikTok;Shopee, Tokopedia;Sendiri
1015;Owner-0902;MSME-0195;NIK-1000;BirthDate-0911;Street-0270;Village-0005;Jasa;Ada;59;7495; Rp295.000.000 ; Rp236.000.000 ;Facebook;Tidak ada;Sendiri
1016;Owner-0903;MSME-0143;NIK-1001;BirthDate-0912;Street-0270;Village-0005;Perdagangan;Ada;19;620; Rp69.500.000 ; Rp183.250.000 ;Facebook;Lazada;Sendiri
1017;Owner-0904;MSME-0004;NIK-1002;BirthDate-0913;Street-0270;Village-0005;Perdagangan;Ada;10;46; Rp311.500.000 ; Rp356.750.000 ;Instagram;Shopee;Sendiri
1018;Owner-0905;MSME-0410;NIK-1003;BirthDate-0914;Street-0270;Village-0005;Perdagangan;Ada;59;9363; Rp295.000.000 ; Rp236.000.000 ;Facebook;Shopee;Sewa
1019;Owner-0675;MSME-0061;NIK-1004;BirthDate-0915;Street-0270;Village-0005;Perdagangan;Ada;14;557; Rp194.250.000 ; Rp175.250.000 ;Facebook;Shopee;Sendiri
1020;Owner-0906;MSME-0411;NIK-1005;BirthDate-0916;Street-0271;Village-0013;Perdagangan;Ada;14;31; Rp1.059.250.000 ; Rp855.000.000 ;Instagram, TikTok;Shopee;Sewa
1021;Owner-0907;MSME-0194;NIK-1006;BirthDate-0917;Street-0272;Village-0013;Jasa;Ada;75;9017; Rp375.000.000 ; Rp300.000.000 ;WhatsApp Business;Tidak ada;Sendiri
1022;Owner-0908;MSME-0412;NIK-1007;BirthDate-0918;Street-0273;Village-0007;Perdagangan;Ada;19;484; Rp305.500.000 ; Rp183.250.000 ;Instagram;Shopee;Sendiri
1023;Owner-0909;MSME-0413;NIK-1008;BirthDate-0919;Street-0274;Village-0001;Perdagangan;Ada;8;24; Rp462.750.000 ; Rp797.000.000 ;Instagram;Tokopedia;Sewa
1024;Owner-0910;MSME-0086;NIK-1009;BirthDate-0920;Street-0274;Village-0001;Perdagangan;Ada;104;8466; Rp520.000.000 ; Rp416.000.000 ;Facebook;Shopee;Sendiri
1025;Owner-0911;MSME-0004;NIK-1010;BirthDate-0921;Street-0274;Village-0001;Perdagangan;Ada;12;427; Rp670.250.000 ; Rp155.500.000 ;WhatsApp Business;Tokopedia;Sendiri
1026;Owner-0912;MSME-0170;NIK-1011;BirthDate-0922;Street-0274;Village-0001;Jasa;Ada;8;16; Rp356.750.000 ; Rp476.000.000 ;WhatsApp Business;Tidak ada;Sewa
1027;Owner-0912;MSME-0170;NIK-1012;BirthDate-0922;Street-0274;Village-0001;Jasa;Ada;119;5413; Rp356.750.000 ; Rp476.000.000 ;Facebook;Tidak ada;Sendiri
1028;Owner-0913;MSME-0170;NIK-1013;BirthDate-0923;Street-0274;Village-0001;Jasa;Ada;20;598; Rp82.250.000 ; Rp149.250.000 ;Instagram;Tidak ada;Sendiri
1029;Owner-0914;MSME-0323;NIK-1014;BirthDate-0924;Street-0274;Village-0001;Perikanan;Ada;15;30; Rp557.500.000 ; Rp348.500.000 ;Facebook;Shopee;Sendiri
1030;Owner-0915;MSME-0414;NIK-1015;BirthDate-0925;Street-0274;Village-0001;Perdagangan;Ada;58;8007; Rp1.128.250.000 ; Rp536.000.000 ;TikTok;Tokopedia;Sendiri
1031;Owner-0916;MSME-0181;NIK-1016;BirthDate-0926;Street-0274;Village-0001;Perdagangan;Ada;17;427; Rp156.000.000 ; Rp200.250.000 ;WhatsApp Business;Tidak ada;Sendiri
1032;Owner-0910;MSME-0086;NIK-1017;BirthDate-0920;Street-0274;Village-0001;Perdagangan;Ada;11;27; Rp112.850.000 ; Rp32.000.000 ;Facebook;Shopee;Sendiri
1033;Owner-0917;MSME-0415;NIK-1018;BirthDate-0927;Street-0274;Village-0001;Perdagangan;Ada;61;9794; Rp305.000.000 ; Rp244.000.000 ;Instagram;Lazada;Sendiri
1034;Owner-0918;MSME-0199;NIK-1019;BirthDate-0928;Street-0275;Village-0008;Jasa;Ada;17;491; Rp58.000.000 ; Rp168.000.000 ;Facebook;Tidak ada;Sendiri
1035;Owner-0919;MSME-0416;NIK-1020;BirthDate-0929;Street-0275;Village-0008;Perdagangan;Ada;7;46; Rp431.750.000 ; Rp260.000.000 ;Facebook;lazada;Sendiri
1036;Owner-0920;MSME-0200;NIK-1021;BirthDate-0930;Street-0275;Village-0008;Perdagangan;Ada;84;6048; Rp420.000.000 ; Rp336.000.000 ;Facebook;Tidak ada;Sendiri
1037;Owner-0921;MSME-0417;NIK-1022;BirthDate-0931;Street-0275;Village-0008;Perdagangan;Ada;17;606; Rp193.750.000 ; Rp184.750.000 ;Facebook;Tokopedia;Sendiri
1038;Owner-0922;MSME-0418;NIK-1023;BirthDate-0932;Street-0275;Village-0008;Perdagangan;Ada;12;26; Rp1.122.000.000 ; Rp1.067.500.000 ;Instagram, TikTok;Shopee, Tokopedia;Sendiri
1039;Owner-0923;MSME-0419;NIK-1024;BirthDate-0933;Street-0275;Village-0008;Perdagangan;Ada;78;5642; Rp390.000.000 ; Rp312.000.000 ;Tidak ada;Shopee;Sewa
1040;Owner-0924;MSME-0146;NIK-1025;BirthDate-0934;Street-0275;Village-0008;Peternakan;Ada;15;423; Rp149.000.000 ; Rp197.750.000 ;Facebook;Tidak ada;Sendiri
1041;Owner-0925;MSME-0004;NIK-1026;BirthDate-0935;Street-0275;Village-0008;Perdagangan;Ada;6;35; Rp661.000.000 ; Rp382.500.000 ;Tidak ada;Tidak ada;Sendiri
1042;Owner-0926;MSME-0004;NIK-1027;BirthDate-0936;Street-0275;Village-0008;Perdagangan;Ada;99;5773; Rp495.000.000 ; Rp396.000.000 ;Facebook;Shopee;Sendiri
1043;Owner-0927;MSME-0420;NIK-1028;BirthDate-0404;Street-0275;Village-0008;Perdagangan;Ada;11;652; Rp169.500.000 ; Rp156.000.000 ;WhatsApp Business;Tidak ada;Sendiri
1044;Owner-0928;MSME-0421;NIK-1029;BirthDate-0937;Street-0275;Village-0008;Perdagangan;Ada;5;17; Rp644.750.000 ; Rp616.250.000 ;Facebook;Tidak ada;Sendiri
1045;Owner-0929;MSME-0422;NIK-1030;BirthDate-0188;Street-0275;Village-0008;Perdagangan;Ada;54;7757; Rp270.000.000 ; Rp216.000.000 ;Instagram;Tokopedia;Sendiri
1046;Owner-0930;MSME-0422;NIK-1031;BirthDate-0938;Street-0275;Village-0008;Perdagangan;Ada;10;586; Rp138.000.000 ; Rp157.000.000 ;Facebook, TikTok;Tokopedia;Sewa
1047;Owner-0776;MSME-0422;NIK-1032;BirthDate-0939;Street-0275;Village-0008;Perdagangan;Ada;5;23; Rp84.325.000 ; Rp22.500.000 ;Facebook;Lazada;Sendiri
1048;Owner-0931;MSME-0422;NIK-1033;BirthDate-0940;Street-0275;Village-0008;Perdagangan;Ada;115;7554; Rp575.000.000 ; Rp460.000.000 ;Facebook;Lazada;Sewa
1049;Owner-0932;MSME-0200;NIK-1034;BirthDate-0941;Street-0275;Village-0008;Perdagangan;Ada;16;699; Rp170.000.000 ; Rp101.750.000 ;Tidak ada;Tidak ada;Sendiri
1050;Owner-0933;MSME-0200;NIK-1035;BirthDate-0942;Street-0275;Village-0008;Perdagangan;Ada;10;42; Rp398.500.000 ; Rp583.250.000 ;Facebook;Tidak ada;Sendiri
1051;Owner-0934;MSME-0202;NIK-1036;BirthDate-0943;Street-0275;Village-0008;Perdagangan;Ada;71;5933; Rp355.000.000 ; Rp284.000.000 ;Facebook;Tokopedia;Sewa
1052;Owner-0935;MSME-0004;NIK-1037;BirthDate-0944;Street-0276;Village-0003;Perdagangan;Ada;8;531; Rp162.750.000 ; Rp91.750.000 ;Facebook;Shopee;Sendiri
1053;Owner-0936;MSME-0423;NIK-1038;BirthDate-0945;Street-0130;Village-0003;Jasa;Ada;7;30; Rp71.500.000 ; Rp7.800.000 ;WhatsApp Business, Instagram, TikTok;Tidak ada;Sendiri
1054;Owner-0937;MSME-0413;NIK-1039;BirthDate-0116;Street-0277;Village-0009;Perdagangan;Ada;8;5653; Rp130.750.000 ; Rp58.500.000 ;Instagram;Shopee;Sendiri
1055;Owner-0938;MSME-0004;NIK-1040;BirthDate-0946;Street-0054;Village-0003;Perdagangan;Ada;9;506; Rp110.500.000 ; Rp197.750.000 ;WhatsApp Business;Tidak ada;Sendiri
1056;Owner-0939;MSME-0004;NIK-1041;BirthDate-0947;Street-0278;Village-0007;Perdagangan;Ada;7;43; Rp705.250.000 ; Rp609.000.000 ;WhatsApp Business;Tidak ada;Sendiri
